external,seed,lead,rmse,mean_error
none,0,1,16.54766675268165,-3.0611100007187235
none,0,2,30.190607281229344,-6.166441107338125
none,0,3,36.11084183223417,-7.774372420527718
none,0,4,43.301535888028276,-8.658082147890871
none,0,5,47.9309869893852,-9.665485174818473
none,0,6,51.302195568365995,-10.304068998856978
none,0,7,55.53804257001038,-9.224069698290391
none,0,8,55.82275972906038,-6.865083594213832
none,0,9,58.626432764316654,-7.382176322015849
none,0,10,59.62628883803939,-6.4655047519640485
none,0,11,61.88973194644494,-4.37561111016707
none,0,12,64.4421396013368,-5.47927574948831
none,0,13,66.48506426206374,-6.828002688559619
none,0,14,67.16099121593732,-8.252722436731512
none,0,15,70.19194831252864,-9.499285223809155
none,0,16,72.70855960861653,-9.47527916323055
none,0,17,75.33238766562837,-10.999496757984161
none,0,18,76.31217779214167,-10.909877435727553
none,0,19,77.87761896610697,-12.320320692929355
none,0,20,80.28112108836426,-12.245559762824666
none,0,21,84.0490118085885,-14.771318359808488
none,0,22,85.82223355790198,-13.999561737884175
none,0,23,88.43606034159856,-13.11681175773794
none,0,24,90.55309380509257,-12.366055098446934
none,0,25,89.74738610482834,-14.120665777813304
none,0,26,90.53446689035823,-15.528233669020914
none,0,27,87.23974079663991,-15.790539947423069
none,0,28,84.11747033138995,-15.06533373485912
none,0,29,83.39073455176556,-14.802764654159546
none,0,30,81.93637071444942,-14.44298861243508
none,0,31,81.47720330498997,-12.684314912015742
none,0,32,77.99747867726974,-9.032953067259355
none,0,33,78.78502810190031,-8.887897957455028
none,0,34,77.27113620327991,-7.730688235976479
none,0,35,76.32027479263262,-5.430697571147572
none,0,36,77.55536603205901,-6.332743146202781
none,0,37,78.95357243883129,-7.488740086555481
none,0,38,78.53596335919289,-8.729125185446305
none,0,39,81.93180619898138,-9.90049468387257
none,0,40,84.24183005492998,-9.66107627478513
none,0,41,86.72769814276849,-10.810175332156094
none,0,42,87.21441085992268,-10.72085072777488
none,0,43,88.58854518911403,-12.173810568722812
none,0,44,90.39027242665694,-12.159314383159984
none,0,45,93.65760103326083,-14.639718586748296
none,0,46,95.19617450485435,-13.770019227808172
none,0,47,97.42649586504417,-12.795831907879222
none,0,48,98.94460987262057,-11.927698319608515
none,0,49,97.3951662796905,-13.709901722994717
none,0,50,96.89341549803449,-15.28384337641976
none,0,51,92.80202891631407,-15.398426684466274
none,0,52,88.74482993327668,-14.542004466056824
none,0,53,87.32319475422413,-14.323073798959905
none,0,54,85.1633498619778,-13.95164476741444
none,0,55,83.90868887643987,-12.197022557258606
none,0,56,80.12840327972876,-8.60591552474282
none,0,57,80.44174140247233,-8.55177972533486
none,0,58,78.76931345169093,-7.575470772656527
none,0,59,77.66184625067373,-5.269018823450262
none,0,60,78.5205500938177,-6.17399420521476
none,0,61,79.86633040401571,-7.182260621677745
none,0,62,79.1723530827054,-8.325442801822316
none,0,63,82.47749554498336,-9.506738619370894
none,0,64,84.75346714672695,-9.289828603917902
none,0,65,87.1323607970127,-10.400964433496648
none,0,66,87.66108682930151,-10.230222550305454
none,0,67,88.99494770129193,-11.583036693659695
none,0,68,90.74258513294228,-11.3564049764113
none,0,69,94.09704082157747,-13.617696816271001
none,0,70,95.53719788304895,-12.742473168806596
none,0,71,97.58193015069132,-11.775873260064559
none,0,72,98.85389190993045,-10.966466426849365
none,0,73,97.0457701014572,-12.694836898283524
none,0,74,96.20876369698713,-14.277432864362543
none,0,75,92.34701550936798,-14.310463341799649
none,0,76,88.58314478295448,-13.500882202928716
none,0,77,87.16495626101161,-13.324384841051968
none,0,78,85.05463352726562,-12.97466335513375
none,0,79,83.79790482348646,-11.296132824637674
none,0,80,80.36642415272927,-7.7477358471263535
none,0,81,80.78984641253086,-7.78678799759258
none,0,82,79.14308804580087,-6.8442042090676045
none,0,83,78.15067551120573,-4.571784084493464
none,0,84,79.17550384937292,-5.5503858436237685
none,0,85,80.47664596274686,-6.6508728157390244
none,0,86,79.81070317129858,-7.8956955671310425
none,0,87,83.00237038448003,-9.099655162204396
none,0,88,85.2218575746927,-8.812698624350809
none,0,89,87.54874960537471,-9.81767680428245
none,0,90,88.00944993807903,-9.567354559898376
none,0,91,89.28937811082521,-10.685749801722439
none,0,92,91.12870164591139,-10.227255366065286
none,0,93,94.5245976457188,-12.335401253266769
none,0,94,95.94854047182787,-11.51439316706224
none,0,95,97.89897482233356,-10.562041185118936
none,0,96,99.19897837614951,-9.77970331365412
none,0,97,97.26779616003907,-11.42210031639446
none,0,98,96.32367265658073,-13.00322606346824
none,0,99,92.53937343944173,-13.27503863247958
none,0,100,88.81437361088135,-12.756202773614364
none,0,101,87.46357253648146,-12.786204262213273
none,0,102,85.26655356234765,-12.777034694498235
none,0,103,83.95782133718217,-11.345210714773698
none,0,104,80.52864451940583,-7.629822286692533
none,0,105,80.8685994155917,-7.418558034029874
none,0,106,79.30953561023676,-6.682616927407005
none,0,107,78.30145169204536,-4.404248497702858
none,0,108,79.23735518226496,-5.182084614580328
none,0,109,80.65770865867768,-6.201047691431913
none,0,110,79.98066279015244,-7.390740416266701
none,0,111,83.17244223134813,-8.577973701737143
none,0,112,85.37347409735513,-8.241784745996648
none,0,113,87.67730871190545,-9.08516462282701
none,0,114,88.14421140727076,-8.975904009558938
none,0,115,89.484899099216,-9.959281747991389
none,0,116,91.5697484597446,-9.608653458681973
none,0,117,95.13783326466385,-11.734650752761148
none,0,118,96.61788938223431,-11.225146792151712
none,0,119,98.44644308115379,-10.360093268481167
none,0,120,99.83128100909634,-9.777363614602523
none,0,121,98.03744560425409,-11.690144051205028
none,0,122,97.20842420393268,-13.632882660085505
none,0,123,93.35601344198498,-13.934714761647312
none,0,124,89.50885872660962,-13.467842784794895
none,0,125,87.96435403621426,-13.399356538599188
none,0,126,85.49729559197715,-13.104280677708713
none,0,127,84.06082826629277,-11.457177368077366
none,0,128,80.58733612735774,-7.712892857464877
none,0,129,80.8279874636727,-7.264997373927724
none,0,130,79.2676551547161,-6.457853501493281
none,0,131,78.21584828760984,-4.129094058817083
none,0,132,79.07224855229144,-4.859687794338573
none,0,133,80.476200849776,-5.847382751378146
none,0,134,79.82064878841013,-6.9308682680130005
none,0,135,83.13838978207922,-8.232243342833085
none,0,136,85.46661723999361,-8.073658325455405
none,0,137,87.86250351733163,-8.78879760612141
none,0,138,88.33427576635717,-8.915663480758667
none,0,139,90.5069085634089,-10.874073212796992
none,0,140,91.8581379776734,-9.97799101742831
none,0,141,95.48335344775434,-12.152290951121937
none,0,142,96.9729648993797,-11.216610117392106
none,0,143,98.92394210723074,-10.208451390266418
none,0,144,100.17554416000019,-9.621002999219028
none,0,145,98.27000599794704,-11.5092154416171
none,0,146,97.39382168782087,-13.409486868164755
none,0,147,93.31751733837486,-13.751142740249634
none,0,148,89.43327564365646,-13.36095485904
none,0,149,87.94480571794165,-13.304245406931097
none,0,150,85.58150666318213,-12.960542462088846
none,0,151,84.14161031231546,-10.896592421965165
none,0,152,80.6007089220357,-6.619397130879489
none,0,153,80.76761305274704,-5.665912736545909
none,0,154,79.20770333029483,-4.43702122298154
none,0,155,78.20064592728083,-1.5465099161321467
none,0,156,79.010500622999,-2.0773377310145986
none,0,157,80.32794905146504,-3.0280493714592676
none,0,158,79.62178980444988,-3.811438051137057
none,0,159,82.91766716887096,-4.939969203688881
none,0,160,85.30227388082211,-4.7754107171838935
none,0,161,87.67687009170149,-5.688540263609453
none,0,162,88.21703705151008,-6.344784920865839
none,0,163,90.34388842744445,-9.392824172973633
none,0,164,91.78615265736686,-9.782471255822616
none,0,165,95.2248415464994,-11.200262763283469
none,0,166,96.71615804599516,-8.16929998181083
none,0,167,98.74443568304207,-6.749478697776794
none,0,168,99.999789882455,-8.424115159294821
none,1,1,16.541981743395052,-3.1034232919866387
none,1,2,30.271894538777502,-6.493960964408788
none,1,3,36.34519402964433,-8.29535484584895
none,1,4,43.47244580740353,-8.937217674472116
none,1,5,47.92781245800333,-9.448722216216
none,1,6,51.23585839261217,-9.662445557388393
none,1,7,55.531692933096004,-8.464297237721356
none,1,8,55.887393515811084,-6.3422239206054
none,1,9,58.71820854374683,-7.205326293679801
none,1,10,59.829847463307935,-6.553400922905315
none,1,11,62.128260292448694,-4.286488577723503
none,1,12,64.65304467731774,-5.034755598415028
none,1,13,66.4771985207303,-6.029195064848119
none,1,14,67.02801129228068,-7.433171090754596
none,1,15,70.04537142565316,-8.957769971002232
none,1,16,72.53435269249933,-9.207277541810816
none,1,17,75.12756260616965,-10.515528483824296
none,1,18,76.07613793311971,-9.869427453387868
none,1,19,77.66499895858928,-10.919789238409562
none,1,20,80.22137675582687,-11.386908482421529
none,1,21,84.01453846975296,-14.68131627819755
none,1,22,85.91066461662159,-14.033655058253895
none,1,23,88.5463584258067,-12.843790829181671
none,1,24,90.84085099802186,-11.905828096649863
none,1,25,90.14216850532088,-13.771449587561868
none,1,26,91.09682443214265,-15.430634899572892
none,1,27,87.78994901579462,-15.861653273755854
none,1,28,84.39964649206124,-15.071925607594578
none,1,29,83.45943447911208,-14.556127786636353
none,1,30,81.87713708537575,-13.987999894402243
none,1,31,81.35111852869288,-12.104891777038574
none,1,32,77.96788080301197,-8.441286314617503
none,1,33,78.79689425817504,-8.355383092706854
none,1,34,77.36390818810983,-7.266932964324951
none,1,35,76.41796248484941,-4.690806204622442
none,1,36,77.69365778446158,-5.25072840127078
none,1,37,79.12451199497542,-6.227581349286166
none,1,38,78.73346852896012,-7.677648197520863
none,1,39,82.16719923950384,-9.177847602150656
none,1,40,84.449236301856,-9.203746221282266
none,1,41,86.84833520153066,-10.083764726465398
none,1,42,87.26866768099617,-9.394981395114552
none,1,43,88.638932158845,-10.488482995466752
none,1,44,90.69399357534971,-10.978094339370728
none,1,45,94.07036413758541,-14.240274559367787
none,1,46,95.60919321903374,-13.452085072344
none,1,47,97.75114080823826,-12.13750520619479
none,1,48,99.37931868733362,-11.066808494654568
none,1,49,97.86472438000133,-12.88309949094599
none,1,50,97.42704957105764,-14.611475662751632
none,1,51,93.38151103640541,-14.813820123672485
none,1,52,89.19723789260577,-13.855832034891302
none,1,53,87.62266420609454,-13.401648022911765
none,1,54,85.41125159273386,-12.873281673951583
none,1,55,84.11231529798259,-10.970602068034085
none,1,56,80.14955433035202,-7.21824137731032
none,1,57,80.45515114657566,-7.062736337835139
none,1,58,78.89075748649005,-6.057352163574913
none,1,59,77.82555418969558,-3.659351262179288
none,1,60,78.6922435340741,-4.451669378714128
none,1,61,80.01738695833063,-5.501179933547974
none,1,62,79.26939074594166,-6.898696184158325
none,1,63,82.59653887189356,-8.499782887372104
none,1,64,84.92543900886467,-8.55029227516868
none,1,65,87.20688739212822,-9.381435611031272
none,1,66,87.6359275742785,-8.463412306525491
none,1,67,88.82447732616228,-9.240808042612942
none,1,68,90.7433077207148,-9.51188565384258
none,1,69,94.23558104805885,-12.798162774606185
none,1,70,95.7515184662604,-12.059635389934886
none,1,71,97.72822418613944,-10.733801299875433
none,1,72,99.16608139559195,-9.726591099392284
none,1,73,97.39918030348099,-11.565026261589743
none,1,74,96.66391420908612,-13.371370521458713
none,1,75,92.7962976626485,-13.550241448662497
none,1,76,88.80908323922249,-12.746050802144138
none,1,77,87.22992369203727,-12.489370714534413
none,1,78,85.1033330009379,-12.175367940555919
none,1,79,83.82506385519653,-10.391062487255443
none,1,80,80.35037358195032,-6.528324192220515
none,1,81,80.71478658643578,-6.198429703712463
none,1,82,79.12862637427403,-5.067305554043163
none,1,83,78.03777401442524,-2.4985080415552314
none,1,84,78.90406578773546,-3.2416438081047754
none,1,85,80.13642492138374,-4.32306881384416
none,1,86,79.46947676555878,-5.888818643309853
none,1,87,82.78340024092033,-7.622635624625466
none,1,88,85.07287978256112,-7.664551193063909
none,1,89,87.4093799096859,-8.47773213820024
none,1,90,87.81182129916043,-7.546597188169306
none,1,91,89.09680913760216,-8.16431638327512
none,1,92,91.07261149362398,-8.470434481447393
none,1,93,94.63487007155001,-11.85140970620242
none,1,94,96.12280697790509,-11.36754070628773
none,1,95,98.14043358332272,-10.141161875291305
none,1,96,99.44194821792668,-9.165433265946128
none,1,97,97.52218497318171,-10.909970370205967
none,1,98,96.71014253584818,-12.71385407447815
none,1,99,92.84897869310225,-13.120022882114757
none,1,100,88.79830646405496,-12.574253190647472
none,1,101,87.27246542648314,-12.462330590594899
none,1,102,84.98498396043833,-12.346863844177939
none,1,103,83.67121367762029,-10.699042287739841
none,1,104,80.23644558020065,-6.673218163576993
none,1,105,80.6241181844045,-6.1859718561172485
none,1,106,79.06751810966823,-5.232263922691345
none,1,107,77.9568334425808,-2.515040538527749
none,1,108,78.80146986463916,-2.7974771586331455
none,1,109,80.0966439658495,-3.7119951139796865
none,1,110,79.41758151996655,-5.229461312294006
none,1,111,82.70831631750526,-6.933761141516945
none,1,112,85.0368285893285,-7.003122383897955
none,1,113,87.3490889549469,-7.816998026587746
none,1,114,87.69526931525603,-7.2308631485158745
none,1,115,88.82728667428849,-7.958913456309926
none,1,116,90.82161534595751,-8.546127568591725
none,1,117,94.46347993115491,-11.952665383165533
none,1,118,96.03519894910939,-11.596979336305099
none,1,119,97.99522702375756,-10.21060958775607
none,1,120,99.34105127671683,-9.246856862848455
none,1,121,97.57203567256194,-11.136157469315963
none,1,122,96.97283043685098,-13.240585413846103
none,1,123,93.10434256995549,-13.680491360751065
none,1,124,89.04351420742148,-13.123382741754705
none,1,125,87.48273547631388,-12.826430277390914
none,1,126,85.07183975646527,-12.389287948608398
none,1,127,83.77522176040475,-10.599128137935292
none,1,128,80.35116069548873,-6.782375693321228
none,1,129,80.62576549176984,-6.375986771150068
none,1,130,79.04099288115403,-5.573219461874529
none,1,131,77.91406963178298,-2.9462956190109253
none,1,132,78.69396638626779,-3.203605229204351
none,1,133,80.09504488582347,-3.9858978336507622
none,1,134,79.4821022073344,-5.288510051640597
none,1,135,82.91591776985759,-7.047075997699391
none,1,136,85.34621241903712,-7.219113144007596
none,1,137,87.6881021186746,-7.790091070261869
none,1,138,88.12907109751195,-7.350034908814863
none,1,139,90.22450319735228,-9.121641538359903
none,1,140,91.64516235793438,-9.18507777560841
none,1,141,95.33939820612453,-12.392111171375621
none,1,142,96.84549252633589,-11.464429248463023
none,1,143,98.74791356980072,-9.948636878620494
none,1,144,99.99575707989965,-8.977736061269587
none,1,145,98.18550367888874,-10.806183966723355
none,1,146,97.50705979668454,-12.88925313949585
none,1,147,93.57838817182261,-13.313033082268454
none,1,148,89.59538359652005,-12.708986802534623
none,1,149,88.01428426546971,-12.210460196841847
none,1,150,85.52759196586007,-11.525517160242254
none,1,151,84.05139912097897,-9.43030432137576
none,1,152,80.52324705574419,-5.365828850052574
none,1,153,80.69719610113187,-4.719437664205378
none,1,154,79.12545159293714,-3.667305491187356
none,1,155,78.1199848002215,-0.6954068812456998
none,1,156,78.98709578513505,-0.8219369649887085
none,1,157,80.39201331398806,-1.7712524695829912
none,1,158,79.5706584100665,-2.956239039247686
none,1,159,82.84962268988767,-4.665372035720131
none,1,160,85.27784557300053,-4.652416706085205
none,1,161,87.69920612321683,-5.115160118449818
none,1,162,88.15067509524897,-4.796595497564836
none,1,163,90.21119475979695,-6.634956847537648
none,1,164,91.46772161213417,-6.603457570075989
none,1,165,94.95896008667286,-9.151188709519126
none,1,166,96.61239952037849,-6.764922705563632
none,1,167,98.66612530069398,-4.027320276607167
none,1,168,99.84061143547626,-1.6059103445573286
none,2,1,16.536573453569428,-3.063778581944379
none,2,2,30.17849782572784,-6.371920635754412
none,2,3,36.285413224816295,-8.25004836239598
none,2,4,43.51447421269893,-9.047073564746164
none,2,5,48.26004106072838,-9.779282460158521
none,2,6,51.35841297987357,-10.251857660033487
none,2,7,55.43369485922328,-9.222424629059704
none,2,8,55.63387724706867,-7.196186130697077
none,2,9,58.35640125176201,-7.979048028588295
none,2,10,59.58365160210525,-7.354321993210099
none,2,11,61.83834217854427,-5.166524629701268
none,2,12,64.44084274512792,-5.846661386164752
none,2,13,66.46460056282393,-6.7917122136462815
none,2,14,67.07003029295785,-7.759177034551447
none,2,15,70.06047624537698,-8.868015692992644
none,2,16,72.50627137214927,-9.16287421096455
none,2,17,75.14908101739141,-10.924990139224313
none,2,18,76.1121522643581,-10.752283004197208
none,2,19,77.60084762606097,-11.68698181889274
none,2,20,80.08714880306908,-11.380133471705697
none,2,21,83.92223028117743,-14.322222314097665
none,2,22,85.88203048839875,-13.885938145897605
none,2,23,88.54413068387112,-13.016970959576694
none,2,24,90.89584343564157,-12.393237271092154
none,2,25,90.30683182972454,-14.330360705202276
none,2,26,91.20549754488927,-15.905353752049534
none,2,27,87.78513218145375,-16.02736072106795
none,2,28,84.33610199040758,-14.899533315138383
none,2,29,83.47064364674623,-14.146257649768483
none,2,30,81.87849090666735,-13.555782469836148
none,2,31,81.37799362940196,-11.822537010366267
none,2,32,78.02942203294685,-8.380845199931752
none,2,33,78.75680969985356,-8.417184753851457
none,2,34,77.20337487734085,-7.430647069757635
none,2,35,76.29297656266823,-4.991795713251287
none,2,36,77.54175928021735,-5.548777363517067
none,2,37,78.94525352154879,-6.412878545847806
none,2,38,78.53821697796079,-7.605755350806496
none,2,39,82.02652640251144,-8.913030862808228
none,2,40,84.3896595574962,-9.116720112887295
none,2,41,86.88492548189365,-10.622915137897838
none,2,42,87.33585823222427,-10.590796806595542
none,2,43,88.75065016469078,-11.633867187933488
none,2,44,90.75469278556697,-11.281831405379556
none,2,45,94.2612644208391,-14.227552305568349
none,2,46,95.92546630796208,-13.772159684788097
none,2,47,98.12339093945866,-12.837998899546536
none,2,48,99.5179978493592,-11.930967092514038
none,2,49,97.96428594996694,-13.677693854678761
none,2,50,97.380934134549,-15.238245801492171
none,2,51,93.15066928363241,-15.170446309176358
none,2,52,88.99574187167187,-13.921720602295615
none,2,53,87.379196882629,-13.234676317735152
none,2,54,85.0799662778167,-12.704946225339716
none,2,55,83.74855416638229,-11.065472548658198
none,2,56,79.86034785952408,-7.601083582097834
none,2,57,80.1689239051169,-7.52606725692749
none,2,58,78.45926430993867,-6.535649819807573
none,2,59,77.39077376597504,-4.014125217090953
none,2,60,78.22483544814573,-4.592180989005349
none,2,61,79.65250965976746,-5.5284353277900005
none,2,62,79.04320013182038,-6.90330923687328
none,2,63,82.35430002624403,-8.415652047504079
none,2,64,84.75318728915447,-8.679155328057028
none,2,65,87.21461791559257,-10.190796678716486
none,2,66,87.78517560120582,-10.176288626410745
none,2,67,89.05987049847529,-11.234122937375849
none,2,68,90.97263989932901,-10.73213238065893
none,2,69,94.40211338368924,-13.343472253192555
none,2,70,95.93652153196166,-12.627646587111734
none,2,71,97.94751383717696,-11.60786566951058
none,2,72,99.25096840212575,-10.811161875724792
none,2,73,97.37068798947618,-12.630032127553767
none,2,74,96.53720466923393,-14.284671425819397
none,2,75,92.59228798637272,-14.143615397540005
none,2,76,88.55454442630513,-12.945946075699545
none,2,77,86.89438427760972,-12.34216484156522
none,2,78,84.66672070490189,-11.904728867790915
none,2,79,83.49903834138328,-10.267974084073847
none,2,80,80.19830759706008,-6.6870023662393745
none,2,81,80.62876864023562,-6.543030261993408
none,2,82,78.96710565755134,-5.559633200818842
none,2,83,77.92797816813523,-3.129872593012723
none,2,84,78.85445308656541,-3.89799579707059
none,2,85,80.15748926115869,-4.947420445355502
none,2,86,79.53106236561266,-6.401517098600214
none,2,87,82.88713553866518,-8.014556733044712
none,2,88,85.24726458072055,-8.192143711176785
none,2,89,87.68262628101574,-9.55993920022791
none,2,90,88.21822556188164,-9.495198076421564
none,2,91,89.45642399662243,-10.533145135099238
none,2,92,91.18308937919849,-10.098979299718684
none,2,93,94.60609133807029,-12.541706767949192
none,2,94,96.15251371199149,-11.792572086507624
none,2,95,98.13299015500193,-10.776636589657176
none,2,96,99.50181506681804,-10.094867608763956
none,2,97,97.65419106142164,-11.953475908799605
none,2,98,96.8439365876979,-13.685933860865505
none,2,99,93.02835625042566,-13.78891361843456
none,2,100,88.99370353439507,-12.826148575002497
none,2,101,87.44169071246671,-12.27083689516241
none,2,102,85.16434181355838,-11.949982935732061
none,2,103,83.92514697875237,-10.460875456983393
none,2,104,80.56833439575679,-6.7693022814663975
none,2,105,80.96594463953566,-6.544334650039673
none,2,106,79.38542114245435,-5.891904798420993
none,2,107,78.32477520465312,-3.4831164425069634
none,2,108,79.12531142558296,-3.994014263153076
none,2,109,80.4828610654099,-4.814029346812855
none,2,110,79.81943146027936,-6.056850942698392
none,2,111,83.083232112921,-7.596688183871183
none,2,112,85.34954173165595,-7.689267982136119
none,2,113,87.75229204637043,-8.973827264525674
none,2,114,88.16700418937995,-9.151630011471836
none,2,115,89.37379918109905,-10.20444614237005
none,2,116,91.15037881782924,-10.114735473286022
none,2,117,94.6646235012455,-12.714466669342734
none,2,118,96.18252780231991,-12.237703962759538
none,2,119,98.20868159837512,-11.30488932132721
none,2,120,99.71565116311073,-10.779806126247752
none,2,121,97.89894194200906,-12.731929562308572
none,2,122,97.11571540305722,-14.567860050634904
none,2,123,93.16493281261654,-14.5459538156336
none,2,124,89.26220198753865,-13.580134803598577
none,2,125,87.67997346250272,-12.947409022938121
none,2,126,85.28511819126214,-12.377752304077148
none,2,127,84.03412162803536,-10.853008237752048
none,2,128,80.66494861849564,-7.473833506757563
none,2,129,80.99365731080852,-7.3103063106536865
none,2,130,79.45495964243594,-6.730967565016313
none,2,131,78.39976479051863,-4.215412660078569
none,2,132,79.21894353382646,-4.519058455120433
none,2,133,80.5730641409572,-5.10985978083177
none,2,134,79.80276480541968,-6.121450857682661
none,2,135,83.14535626506637,-7.781923261555758
none,2,136,85.52576053025741,-7.824645183303139
none,2,137,87.96393635657934,-8.52994867888364
none,2,138,88.34133922851011,-8.332874655723572
none,2,139,90.34838388596775,-9.908154845237732
none,2,140,91.42930616418934,-9.31018759987571
none,2,141,95.07650571086009,-12.099049188873984
none,2,142,96.66355323902361,-11.238536704670299
none,2,143,98.68798376195626,-10.152978712862188
none,2,144,100.0925231916868,-9.58990799296986
none,2,145,98.35679438608159,-11.66950979016044
none,2,146,97.55732986352332,-13.82620120048523
none,2,147,93.50923168965421,-14.240287737412887
none,2,148,89.64428791184642,-13.592696785926819
none,2,149,88.10268168029825,-12.955861774357883
none,2,150,85.77633508317692,-12.244725823402405
none,2,151,84.3369957722824,-10.402889696034519
none,2,152,80.74734329517082,-6.717801169915632
none,2,153,80.92641531375435,-6.325907024470243
none,2,154,79.31989735802976,-5.559857086701826
none,2,155,78.1915172529615,-2.840576475316828
none,2,156,79.0716230095164,-2.9654442830519243
none,2,157,80.45071765208736,-3.4083094488490713
none,2,158,79.78954922962642,-3.995634989304976
none,2,159,83.01245084682367,-5.146169629963961
none,2,160,85.39377946970495,-5.059603788635948
none,2,161,87.8212689702597,-5.757348504933444
none,2,162,88.45237832508118,-5.95167490569028
none,2,163,90.51984886780626,-8.295546791770242
none,2,164,91.8996562981189,-8.540065342729742
none,2,165,95.50416216089333,-10.824545502662659
none,2,166,97.18157396581032,-8.368300567973744
none,2,167,99.25989991278311,-6.737916707992554
none,2,168,100.37911086880914,-5.682965376160362
none,3,1,16.50179518330941,-3.030130049044436
none,3,2,30.33150022507154,-6.7142167443578895
none,3,3,36.30496094178433,-8.473252483389594
none,3,4,43.54638109827297,-9.165140399878675
none,3,5,48.145167341082605,-9.864756772463972
none,3,6,51.39882888590527,-10.38432281667536
none,3,7,55.60353753016576,-9.39467322013595
none,3,8,55.80217831579786,-7.233476877212524
none,3,9,58.700944676116315,-7.865945386615667
none,3,10,59.86554017247496,-7.029785631732508
none,3,11,61.980754404202344,-4.885913728313013
none,3,12,64.58323934515342,-5.910410224036737
none,3,13,66.66719807655689,-7.061212135986849
none,3,14,67.31185253978967,-8.369846029715104
none,3,15,70.4358731757166,-9.544674559073014
none,3,16,72.90288097337053,-9.512656130573966
none,3,17,75.51689973117533,-10.998986108736558
none,3,18,76.41417862419318,-10.82190448587591
none,3,19,78.04930865104882,-12.157284091819417
none,3,20,80.52508580723178,-12.084180089560421
none,3,21,84.2758849571063,-14.258211818608372
none,3,22,86.12920749479484,-12.84712139042941
none,3,23,88.79444710086666,-11.697088637135245
none,3,24,91.06839904316288,-11.355457295070995
none,3,25,90.32760707570641,-13.76480421152982
none,3,26,91.0906347092934,-15.768591040914709
none,3,27,87.63990880236689,-16.33972347866405
none,3,28,84.3562079433637,-15.512846621600064
none,3,29,83.49604229565257,-14.794113787737759
none,3,30,81.87806658776344,-14.077074549414895
none,3,31,81.3412633185779,-12.17908058383248
none,3,32,78.00309089231642,-8.582122943618081
none,3,33,78.84468857733785,-8.550302082842046
none,3,34,77.38238883516385,-7.5578497431494975
none,3,35,76.44418774943581,-5.284705443815752
none,3,36,77.7652333800804,-6.009818564761769
none,3,37,79.20899732470413,-6.878708438439802
none,3,38,78.75607017197737,-8.037144790996205
none,3,39,82.09577780913304,-9.242326324636286
none,3,40,84.38107387697438,-9.039660031145269
none,3,41,86.80562560169632,-10.202304850925099
none,3,42,87.24320120103283,-10.07144010066986
none,3,43,88.6530271320218,-11.55525774305517
none,3,44,90.67726864150862,-11.78157872503454
none,3,45,94.0377800797455,-14.352507732131265
none,3,46,95.53065355765315,-13.04784671826796
none,3,47,97.62385552507888,-11.734501903707331
none,3,48,99.09984202324127,-11.164307420903986
none,3,49,97.58732303333821,-13.556856502186168
none,3,50,97.13150340385366,-15.779862848195163
none,3,51,93.03850646733899,-16.263392199169505
none,3,52,89.02726229008417,-15.333233118057251
none,3,53,87.55742207769721,-14.633016109466553
none,3,54,85.41421314896814,-13.830201864242554
none,3,55,84.08285983425642,-11.82028230753812
none,3,56,80.29611264155137,-8.057850512591274
none,3,57,80.613108049752,-7.8831729672171855
none,3,58,78.96871424641095,-6.907476132566279
none,3,59,77.95679620161867,-4.662300445816734
none,3,60,78.79956708244268,-5.425923976031217
none,3,61,80.19929431763595,-6.163401831280101
none,3,62,79.45263869889978,-7.147979671304876
none,3,63,82.70943520313416,-8.244137211279435
none,3,64,84.97091069563179,-8.012090639634566
none,3,65,87.36629500731716,-9.176230972463435
none,3,66,87.90967147463154,-8.999042305079373
none,3,67,89.31520915537243,-10.47045298056169
none,3,68,91.26955273509124,-10.635618903420188
none,3,69,94.72714497671639,-13.063609567555515
none,3,70,96.09287695287733,-11.648816466331482
none,3,71,97.90312329233781,-10.268278533762151
none,3,72,99.07285994744481,-9.866356546228582
none,3,73,97.19912696135717,-12.501401684500955
none,3,74,96.4318382248879,-15.01243036443537
none,3,75,92.66355046921417,-15.540554696863348
none,3,76,88.82075410152126,-14.687539490786465
none,3,77,87.28034661754805,-13.944288221272556
none,3,78,85.03831419253122,-13.044652657075362
none,3,79,83.7043092929654,-10.95130368796262
none,3,80,80.29940816779798,-7.085819157687101
none,3,81,80.62983014270317,-6.948934988542036
none,3,82,79.00863114771653,-6.095760616389188
none,3,83,78.00996251842824,-3.943713838403875
none,3,84,78.99238583068252,-4.8195613405921245
none,3,85,80.33254000251004,-5.557014617052945
none,3,86,79.56793826466144,-6.528735420920632
none,3,87,82.78577952328207,-7.73186574198983
none,3,88,85.00010593449205,-7.561055606061762
none,3,89,87.40876803359969,-8.835470828143032
none,3,90,87.92678265001587,-8.772008473222906
none,3,91,89.23935216138287,-10.206940921870144
none,3,92,91.18029443478969,-10.315558726137334
none,3,93,94.53265830548916,-12.509972268884832
none,3,94,95.82533043243586,-11.250968716361307
none,3,95,97.7280655378926,-10.159780979156494
none,3,96,99.05060703592184,-9.940727493979715
none,3,97,97.15892872857728,-12.44197871468284
none,3,98,96.458624318943,-14.817113356156783
none,3,99,92.81937395409055,-15.313238122246482
none,3,100,88.84671724309284,-14.425971638072621
none,3,101,87.29074993108546,-13.583027644590898
none,3,102,84.9375514673646,-12.749128417535262
none,3,103,83.6454563542345,-10.793038032271646
none,3,104,80.22897989551572,-6.902447743849321
none,3,105,80.62427811891234,-6.76355114850131
none,3,106,79.09981246345562,-6.184363711964
none,3,107,78.10515807809196,-3.932153354991566
none,3,108,78.95217822314345,-4.4437339305877686
none,3,109,80.30362980742412,-5.007961186495694
none,3,110,79.5877064337769,-5.869001377712596
none,3,111,82.94007665145689,-7.133516073226929
none,3,112,85.2387780755794,-7.031027685512196
none,3,113,87.61806335360659,-8.337817408821799
none,3,114,88.09620595353942,-8.631104068322616
none,3,115,89.37968909628691,-10.1115783886476
none,3,116,91.28803021025928,-10.353971828113902
none,3,117,94.75576077441032,-12.569751132618297
none,3,118,96.18180624223422,-11.70377003062855
none,3,119,98.16560949357022,-10.759270733053034
none,3,120,99.6599214526319,-10.599820657209916
none,3,121,97.99782881412887,-13.08120146664706
none,3,122,97.43639150401769,-15.514802239157937
none,3,123,93.66045263784409,-15.866188092665238
none,3,124,89.68492790224226,-14.869469165802002
none,3,125,87.96265285266078,-13.863301136276938
none,3,126,85.3684005165282,-12.841045845638622
none,3,127,84.01386657166584,-10.914301016113974
none,3,128,80.61789280788234,-7.361529350280762
none,3,129,80.90420499869148,-7.272987788373774
none,3,130,79.31589744950466,-6.741579760204662
none,3,131,78.16637871989667,-4.348599672317505
none,3,132,78.95980875816284,-4.715514443137429
none,3,133,80.40498730147105,-5.220217628912493
none,3,134,79.75446313837804,-6.063610672950745
none,3,135,83.19457419610845,-7.545314637097445
none,3,136,85.64399538579346,-7.742615569721568
none,3,137,88.16856477594898,-8.940321521325545
none,3,138,88.62038344119229,-9.292107842185281
none,3,139,90.85042014082428,-11.395783977075057
none,3,140,92.20559215246384,-10.824106075546958
none,3,141,95.88116845767583,-13.139391368085688
none,3,142,97.46528174388976,-11.966006517410278
none,3,143,99.44006170930527,-10.822802435268056
none,3,144,100.76513665184942,-10.381937796419317
none,3,145,98.99212511011199,-12.534556052901529
none,3,146,98.23920704644779,-14.56438387523998
none,3,147,94.27671747190341,-14.663337295705622
none,3,148,90.17121119606021,-13.597841143608093
none,3,149,88.37234318332617,-12.655356374653904
none,3,150,85.73530395630796,-11.85613151030107
none,3,151,84.26513333881444,-10.047862031243064
none,3,152,80.72558547991869,-6.540355671535838
none,3,153,80.92297635873747,-6.38850386576219
none,3,154,79.3032194979885,-5.8284433321519336
none,3,155,78.19885404248664,-3.3990132158452813
none,3,156,79.0083466464504,-3.7543528621846978
none,3,157,80.42647336421447,-4.1788002686067065
none,3,158,79.77311159749182,-4.950361121784557
none,3,159,83.16842367140073,-6.431087407198819
none,3,160,85.62703674789809,-6.641822934150696
none,3,161,88.11856571828298,-7.939225348559293
none,3,162,88.67798386647384,-8.668600136583501
none,3,163,90.88153528581796,-11.491515202955766
none,3,164,92.20033212497027,-11.584350076588718
none,3,165,95.57948916798954,-12.790574268861251
none,3,166,96.88813910256789,-8.925451441244645
none,3,167,98.77964999792609,-6.983238534493879
none,3,168,100.86924275698344,-12.317345749248158
none,4,1,16.55294037274967,-3.1103504394943062
none,4,2,30.050300606312188,-5.6921305006200615
none,4,3,36.12451836562222,-7.351439108902758
none,4,4,42.97174568967208,-8.04839207909324
none,4,5,47.32944216741447,-8.862836190245368
none,4,6,50.70313959415986,-9.420333970676769
none,4,7,55.218800690854664,-8.394443795084953
none,4,8,55.671023668338904,-6.275921181860295
none,4,9,58.43391759008256,-6.9269576587460255
none,4,10,59.68654983769478,-6.055130821737376
none,4,11,61.88521361877063,-3.6410095258192583
none,4,12,64.36276922532008,-4.490076850761067
none,4,13,66.29725630908104,-5.519502845677462
none,4,14,66.99257855455849,-7.030599361116236
none,4,15,70.15546317363126,-8.740618632598357
none,4,16,72.70612265339061,-8.934777920896357
none,4,17,75.27692774778617,-10.313129593025554
none,4,18,76.06538144169079,-9.659794948317789
none,4,19,77.51306116769989,-10.39426812800494
none,4,20,80.22194606917678,-10.447519860484384
none,4,21,84.14744104803006,-13.694993983615529
none,4,22,85.94725990342714,-13.021759249947287
none,4,23,88.35328237474037,-11.622277248989452
none,4,24,90.58689318636293,-10.539192698218606
none,4,25,89.8468545843498,-12.300049207427286
none,4,26,90.74705142501581,-14.00172409144315
none,4,27,87.41505939851321,-14.494489658962596
none,4,28,84.13825161503127,-13.83468293059956
none,4,29,83.40110104131172,-13.456821539185263
none,4,30,81.91156505315331,-13.021791403943842
none,4,31,81.39968513984351,-11.18740199912678
none,4,32,77.83188317359392,-7.385120619427074
none,4,33,78.595362771642,-7.106779174371199
none,4,34,77.1202883722082,-5.86182654987682
none,4,35,76.23929510780748,-3.3170395656065508
none,4,36,77.47467407704566,-4.116492802446539
none,4,37,78.97462782446816,-5.339309302243319
none,4,38,78.66437070678931,-7.035334847190163
none,4,39,82.18660912567323,-8.720398599451238
none,4,40,84.51684876574942,-8.781926653601907
none,4,41,86.91498798893872,-9.796904563903809
none,4,42,87.33209083631976,-9.224731163545089
none,4,43,88.68378589332964,-10.074405160817234
none,4,44,90.86296038750436,-10.139472950588573
none,4,45,94.44692711878393,-13.515285166827114
none,4,46,96.04904421120291,-12.949411392211914
none,4,47,98.21933825532948,-11.59177180853757
none,4,48,99.56927507579248,-10.315334038300948
none,4,49,97.84479596594191,-11.919216741215099
none,4,50,97.24243614452982,-13.520318974148143
none,4,51,93.09526164247622,-13.671114791523326
none,4,52,88.99429062800928,-12.889218601313503
none,4,53,87.60815468446667,-12.746814175085587
none,4,54,85.5345572186423,-12.46792122450742
none,4,55,84.21322798180032,-10.63947880268097
none,4,56,80.28201852366554,-6.7326179200952705
none,4,57,80.43434110908292,-6.291384718634865
none,4,58,78.68387420794481,-5.0384733135049995
none,4,59,77.62231891064418,-2.46822930466045
none,4,60,78.51152819961551,-3.322681524536826
none,4,61,80.01144511094104,-4.63244920427149
none,4,62,79.39449146345736,-6.471297470006076
none,4,63,82.74468299610865,-8.205628709359603
none,4,64,85.11095929917154,-8.238634315404026
none,4,65,87.4759305166636,-9.245556137778543
none,4,66,87.9693624195717,-8.576914884827353
none,4,67,89.23158933581391,-9.278825651515614
none,4,68,91.23287623854365,-9.223327094858343
none,4,69,94.64197049250143,-12.536166310310364
none,4,70,96.11800282042871,-11.892961274493825
none,4,71,98.0726683951276,-10.436547907915982
none,4,72,99.36130998527565,-9.231673099777915
none,4,73,97.3463742227914,-10.815444751219315
none,4,74,96.43035022704986,-12.420367002487183
none,4,75,92.54732732912237,-12.591048793359237
none,4,76,88.55050128384651,-11.938747698610479
none,4,77,87.04795491424198,-11.87001091783697
none,4,78,84.87798422670713,-11.602627949281173
none,4,79,83.4988734954737,-9.819867946884848
none,4,80,80.05712421120444,-5.90289708701047
none,4,81,80.39050249449534,-5.503759860992432
none,4,82,78.76764457017282,-4.329940156503157
none,4,83,77.77448406259133,-1.8529003858566284
none,4,84,78.70459169584456,-2.870775883848017
none,4,85,80.0774348239848,-4.256957390091636
none,4,86,79.44497896447946,-6.022451693361456
none,4,87,82.7659219121644,-7.6995521783828735
none,4,88,85.07684336203867,-7.738024494864724
none,4,89,87.48169762081722,-8.74101949821819
none,4,90,87.9261789554914,-8.069378506053578
none,4,91,89.09106010913554,-8.651692195372148
none,4,92,90.96862203498345,-8.55007570440119
none,4,93,94.49878926419088,-11.668665712529963
none,4,94,96.06600552771725,-11.011184323917735
none,4,95,98.01791392458371,-9.51063842123205
none,4,96,99.33610696996597,-8.329448895020919
none,4,97,97.24170715227116,-9.927067637443542
none,4,98,96.3459159597093,-11.660274668173356
none,4,99,92.5914932528431,-12.121812982992692
none,4,100,88.66602375222071,-11.714180209419943
none,4,101,87.16947803656299,-11.67062631520358
none,4,102,84.9258291506295,-11.46000005982139
none,4,103,83.54855550970343,-9.782970851117915
none,4,104,80.10896519483322,-5.85539174079895
none,4,105,80.47503833226664,-5.4990024024789985
none,4,106,78.97160052773873,-4.743299917741255
none,4,107,78.07023389898235,-2.369599938392639
none,4,108,78.93456339565667,-3.1317870942029087
none,4,109,80.32285163875763,-4.3249135992743755
none,4,110,79.67992741104278,-5.89534482088956
none,4,111,82.98090876295785,-7.530251958153465
none,4,112,85.25638058967697,-7.565780032764781
none,4,113,87.62997844799139,-8.592285546389492
none,4,114,88.06068393142077,-8.361477797681635
none,4,115,89.34516135990953,-9.127904664386403
none,4,116,91.36256956070494,-9.330514409325339
none,4,117,95.11709085482738,-12.535526676611466
none,4,118,96.62276982385451,-12.197512843392111
none,4,119,98.46176691499807,-10.774193113500422
none,4,120,99.81182187532721,-9.727662043137984
none,4,121,97.93827494244195,-11.533118876543911
none,4,122,97.24206842141392,-13.549888545816595
none,4,123,93.3843770841505,-13.846828493204983
none,4,124,89.32127263508154,-13.141716783696955
none,4,125,87.67759900807829,-12.629936402494257
none,4,126,85.23297543110992,-11.995060974901373
none,4,127,83.74869451751233,-10.276289062066512
none,4,128,80.30986257027776,-6.6010740995407104
none,4,129,80.63833444512306,-6.174171231009743
none,4,130,79.13183591579198,-5.37317675893957
none,4,131,78.08369329902854,-2.872930580919439
none,4,132,78.90430281715055,-3.4801155870611016
none,4,133,80.27996215014764,-4.591042919592424
none,4,134,79.67700081576601,-6.065674749287692
none,4,135,83.06719041787728,-7.863494179465554
none,4,136,85.52312619065566,-8.054478341882879
none,4,137,87.98996097319359,-8.832318316806447
none,4,138,88.48449443272499,-8.526120955293829
none,4,139,90.58033398953505,-9.937219879843973
none,4,140,91.89711884984818,-9.552837317640131
none,4,141,95.54182582174684,-12.827029943466187
none,4,142,97.0759294136023,-11.935533751140941
none,4,143,98.99256747597013,-10.19291575388475
none,4,144,100.2142845953967,-8.876850745894693
none,4,145,98.33648972445837,-10.39669062874534
none,4,146,97.46613343961684,-12.157159610228105
none,4,147,93.51422167902426,-12.543240893970836
none,4,148,89.55405859845436,-12.12969468940388
none,4,149,87.91716930742504,-11.963101690465754
none,4,150,85.45233784806051,-11.535820679231124
none,4,151,84.07897071001874,-9.779822718013417
none,4,152,80.53622994340674,-6.042727329514244
none,4,153,80.77761785481928,-5.606214761734009
none,4,154,79.26975346500822,-4.937180995941162
none,4,155,78.2668324779628,-2.5752161632884634
none,4,156,79.08569000720914,-3.050115932117809
none,4,157,80.39389991495354,-4.043070641430941
none,4,158,79.70253981120044,-5.066643108021129
none,4,159,83.07586569168699,-6.259813612157648
none,4,160,85.57539097917811,-5.899914849888194
none,4,161,88.03008655315477,-6.305708993564952
none,4,162,88.4791038204339,-6.035887187177485
none,4,163,90.52141536601115,-7.903840465979143
none,4,164,91.8410684279728,-7.938973340121183
none,4,165,95.47075344402116,-10.60815464366566
none,4,166,97.08561379577111,-7.917996948415583
none,4,167,98.93525616890396,-4.816135514866222
none,4,168,99.91729802951122,-4.27771427414634
past,0,1,16.740706508475444,-3.307333818890832
past,0,2,30.20491811224317,-6.589804753661156
past,0,3,34.09356650775103,-7.00521183623509
past,0,4,40.83015906966769,-6.446834780953147
past,0,5,44.6248543975165,-6.141079993410544
past,0,6,48.90291809149221,-5.968092502518133
past,0,7,53.4611753016663,-4.991650386120785
past,0,8,54.774227579245085,-2.823081747459417
past,0,9,57.18160899131437,-3.1441900411578403
past,0,10,58.8881296884043,-1.8502605404196815
past,0,11,61.63718698062017,1.398800852623853
past,0,12,64.60179813799456,2.001316573809494
past,0,13,66.31871630547072,2.591449729326996
past,0,14,67.33434872391871,1.8377311378717422
past,0,15,70.42681123138523,-0.2932609956372868
past,0,16,72.91651432318815,-0.9891310876066034
past,0,17,75.4828976882342,-3.0686595236713234
past,0,18,76.69492992681955,-2.8150472044944763
past,0,19,77.88012405316884,-3.8562235317446967
past,0,20,80.03746022431393,-4.025514942678538
past,0,21,83.25160432575343,-7.373323448679664
past,0,22,85.22027206329432,-6.821197195486589
past,0,23,87.60010298915928,-5.98095948045904
past,0,24,89.1135721259052,-5.654764156449925
past,0,25,88.34165486835938,-7.921183824539185
past,0,26,89.09605302687338,-9.908847229047256
past,0,27,85.45879125601586,-10.409471571445465
past,0,28,81.88949710098768,-9.758670844814993
past,0,29,81.18004257782043,-9.116114703091709
past,0,30,79.85993777864054,-8.657427262176167
past,0,31,79.3496386706144,-6.85513731024482
past,0,32,76.23848755915911,-3.510127902030945
past,0,33,76.88891060476806,-3.712326542897658
past,0,34,75.6811849056887,-2.745247580788352
past,0,35,74.80112340481347,-0.1336678212339228
past,0,36,76.04127105588238,-0.5164130546829917
past,0,37,77.52101480604686,-1.499510873447765
past,0,38,77.1493371574767,-3.0838309851559726
past,0,39,80.40820964405596,-5.128776794130152
past,0,40,82.92548540209346,-5.753288101066243
past,0,41,85.34171818658317,-7.19581322778355
past,0,42,85.84428660240397,-6.722364989194003
past,0,43,87.11112775208213,-7.847982157360423
past,0,44,89.2373972234592,-8.360501896251332
past,0,45,92.43586634720204,-11.922035043889826
past,0,46,94.23592908216936,-11.085894443772055
past,0,47,96.26057131294849,-9.649205933917653
past,0,48,97.9489808213038,-8.808895728804849
past,0,49,96.5425254973521,-10.727513280781833
past,0,50,96.25195243984702,-12.569166562773965
past,0,51,92.29576033005733,-12.953487352891402
past,0,52,88.26666845991282,-12.160343690352006
past,0,53,86.68476296991375,-11.620328903198242
past,0,54,84.67785853964958,-10.927613832733847
past,0,55,83.4023602483382,-9.136088241230357
past,0,56,79.43387629529303,-5.701140067794106
past,0,57,79.71963369395239,-5.67708729613911
past,0,58,77.98522578042349,-4.612229054624384
past,0,59,76.82780370486633,-1.8962325833060525
past,0,60,77.55798407645649,-2.241897528821772
past,0,61,78.90978125955809,-3.1445822824131358
past,0,62,78.26042009566684,-4.715397271243009
past,0,63,81.61856848314694,-6.519827929410067
past,0,64,84.17190438753255,-6.98631413416429
past,0,65,86.52393017188231,-8.270790197632529
past,0,66,87.03776669530075,-7.7614835283973
past,0,67,88.1099329500979,-8.934902559627186
past,0,68,90.03953064199227,-9.59604368426583
past,0,69,93.62370304024485,-13.304775227199901
past,0,70,95.08362791163985,-12.595640691843899
past,0,71,97.00989633789756,-11.063606934113936
past,0,72,98.51650546671557,-10.059382525357334
past,0,73,96.93481249102256,-11.77884794365276
past,0,74,96.19217496137115,-13.555016094988042
past,0,75,92.26215828878469,-13.75632929801941
past,0,76,88.69370443907384,-12.928644917228006
past,0,77,87.32834711519827,-12.236186515201222
past,0,78,85.37187812109069,-11.497157356955789
past,0,79,84.01818879764372,-9.684097235853022
past,0,80,80.61007318771023,-6.132643016901883
past,0,81,81.05967457711527,-6.091774832118642
past,0,82,79.42830039388093,-5.078865603967146
past,0,83,78.30379745094815,-2.414582458409396
past,0,84,79.08438481368653,-2.811922322620045
past,0,85,80.35215849568607,-3.626333626833829
past,0,86,79.70797576596406,-4.9892404512925586
past,0,87,83.01204468775664,-6.727920759807933
past,0,88,85.32485698442194,-7.092092709107832
past,0,89,87.63361340659871,-8.262993790886618
past,0,90,88.01260316499446,-7.80168663371693
past,0,91,89.30402657451086,-9.11550649729642
past,0,92,91.29522314082377,-10.074392871423202
past,0,93,95.06563722032276,-13.824855240908535
past,0,94,96.45650154632735,-13.117597038095647
past,0,95,98.33771908229787,-11.567229986190796
past,0,96,99.55989025482009,-10.521703329953281
past,0,97,97.67578255694383,-12.226554187861355
past,0,98,96.57614742757576,-14.051985892382534
past,0,99,92.71819389236724,-14.460065018046986
past,0,100,89.24073751565501,-13.63413189757954
past,0,101,87.8277585001574,-12.994056799195029
past,0,102,85.65177223207144,-12.355977069247853
past,0,103,84.3616217121152,-10.6844285401431
past,0,104,81.01848122346932,-7.040668509223244
past,0,105,81.4341964486705,-6.914780334992842
past,0,106,79.85572352574569,-6.271423133936795
past,0,107,78.65582996183494,-3.586829575625333
past,0,108,79.4045485328634,-3.5483768311413852
past,0,109,80.76059073438981,-4.0078947652469985
past,0,110,80.2424208198277,-5.145549232309515
past,0,111,83.56528421744693,-6.786065383390947
past,0,112,85.97305774887045,-7.05523868040605
past,0,113,88.21138519192026,-8.171271909366954
past,0,114,88.76465504052273,-8.078896869312633
past,0,115,90.09358816478623,-9.3861793496392
past,0,116,92.14659279736732,-10.497122331099076
past,0,117,96.06040018786948,-14.26025522297079
past,0,118,97.81536982530876,-13.761210571635853
past,0,119,99.69743407045408,-12.322081685066223
past,0,120,100.97097221656765,-11.457764679735357
past,0,121,99.27887145318567,-13.284662821076132
past,0,122,98.29356466592661,-15.141161582686685
past,0,123,94.55239550524819,-15.565214027057994
past,0,124,90.87919663124195,-14.802205898545004
past,0,125,89.5960195383006,-14.096940463239497
past,0,126,87.1440820519922,-13.098683476448059
past,0,127,85.41966972321873,-11.240974231199784
past,0,128,82.16320929874763,-7.551046832041307
past,0,129,82.4901604417783,-7.297269105911255
past,0,130,80.861841631004,-6.53363159569827
past,0,131,79.73858756108902,-3.7502914558757436
past,0,132,80.42849965124702,-3.610589921474457
past,0,133,81.65091363065852,-3.8179384253241797
past,0,134,81.01435019183985,-4.58081451329318
past,0,135,84.23648436743576,-6.013941434296695
past,0,136,86.5251666631606,-6.278290949084542
past,0,137,88.674528544425,-7.313630830157887
past,0,138,89.00403542778702,-7.592173137448051
past,0,139,90.71590590929665,-9.976625610481609
past,0,140,92.23734505189682,-10.805869920687242
past,0,141,96.07731242149237,-14.794042565605857
past,0,142,98.03059910061313,-14.397450907663865
past,0,143,100.05382880422637,-13.429899129000576
past,0,144,101.69959508208471,-12.75529647957195
past,0,145,100.34483522619016,-14.5944701758298
past,0,146,99.03703694286452,-16.598226308822632
past,0,147,95.10254074524283,-16.889727131886914
past,0,148,91.49536278772722,-16.022983345118437
past,0,149,90.05882120462664,-15.073824692856181
past,0,150,87.45760646674171,-14.101467641917141
past,0,151,85.71815467584783,-12.027755840258164
past,0,152,82.48545996029853,-8.449403112584895
past,0,153,82.59913932889602,-8.340238636190241
past,0,154,80.61037766654717,-7.606275926936757
past,0,155,79.1924394202716,-4.489084184169769
past,0,156,79.8360374813089,-3.651704430580139
past,0,157,80.9249303116547,-3.1235996213826267
past,0,158,80.00765194485732,-3.3858816027641296
past,0,159,83.36392958876837,-4.6180220246315
past,0,160,85.7757475092892,-4.901089288971641
past,0,161,88.0273504155496,-6.204550412568179
past,0,162,88.38901281499899,-6.909889421679757
past,0,163,90.38473522229059,-10.042168427597392
past,0,164,91.48938948511034,-11.196443173018368
past,0,165,95.05480435534685,-14.572974681854248
past,0,166,96.37343962501679,-12.58810258995403
past,0,167,97.93843553096899,-9.16583552685651
past,0,168,99.48436025986747,-9.942458141933788
past,1,1,16.649636072580932,-3.0133842798796566
past,1,2,30.389623107125566,-7.5763559004461225
past,1,3,34.21472807209249,-7.5193222110921685
past,1,4,40.97642163887603,-7.250797581943599
past,1,5,45.227415073990606,-6.528530985116959
past,1,6,49.91542971543876,-5.669497966258363
past,1,7,54.814359840306054,-4.140989184379578
past,1,8,55.66255935193504,-2.1242640988731925
past,1,9,58.18336068981317,-3.1797601797363977
past,1,10,59.980598776498276,-2.859973066232421
past,1,11,61.19807785726351,-0.6935127452015877
past,1,12,63.57864349899537,-1.5461740696972066
past,1,13,65.83565054841853,-2.209735857830806
past,1,14,66.869853570527,-2.7142117849805136
past,1,15,69.90732289246499,-3.5866926928812806
past,1,16,72.22574937444286,-3.168057330630042
past,1,17,75.18251941569726,-4.120635529810732
past,1,18,76.46545787106692,-3.9079930037260056
past,1,19,78.0056332395696,-5.796001271768049
past,1,20,80.34514192548217,-7.217273647134954
past,1,21,83.5581936623249,-11.397205948152326
past,1,22,84.99552971656564,-10.871524472128261
past,1,23,87.60616920649643,-9.41432564908808
past,1,24,89.17466806558863,-8.35305118560791
past,1,25,89.00431351831058,-10.839893698692322
past,1,26,89.9509366745906,-13.3581546978517
past,1,27,86.75353548000137,-14.565767992626537
past,1,28,83.52259346123834,-14.234198440204967
past,1,29,82.3059527905313,-13.464653635566885
past,1,30,80.50089283337962,-12.529386964711277
past,1,31,79.40020511579411,-10.281605473973535
past,1,32,76.03577981704612,-6.520173357291655
past,1,33,77.2930162347493,-6.536270033229481
past,1,34,76.46562403589961,-5.8180937590924175
past,1,35,76.1231543034582,-4.0440205335617065
past,1,36,77.38939680099615,-5.315006033940748
past,1,37,78.99991920761241,-6.546008464964953
past,1,38,78.61606303198458,-7.818419816819104
past,1,39,81.80465807285141,-9.055868522687392
past,1,40,84.46267063724403,-8.709345178170638
past,1,41,86.89532335726106,-9.651800914244218
past,1,42,87.58450212059786,-9.565790623426437
past,1,43,88.66711620082027,-11.284709610722281
past,1,44,91.26036004758026,-12.827907372604717
past,1,45,94.80404574378105,-17.046663203022696
past,1,46,96.25120255854071,-16.349528681148183
past,1,47,98.43665980233207,-14.520137505097823
past,1,48,100.60044602669218,-13.248805132779209
past,1,49,99.61697723562617,-15.30330747907812
past,1,50,99.69594936629608,-17.492245305668224
past,1,51,96.20101420003438,-18.44264077056538
past,1,52,91.84536340236671,-17.796561046080157
past,1,53,89.57688959355282,-16.776561216874555
past,1,54,86.52101306797924,-15.351904392242432
past,1,55,84.28242905338215,-12.83771510557695
past,1,56,79.84821521271556,-8.717585010962052
past,1,57,80.66623881509935,-8.369922388683666
past,1,58,79.15117241158468,-7.285474766384471
past,1,59,78.56463957299022,-5.167297623374245
past,1,60,79.64920897772915,-6.432705770839345
past,1,61,81.11639549690605,-7.7530811483209785
past,1,62,80.51735694066193,-9.079160646958785
past,1,63,83.7607453965387,-10.346691684289413
past,1,64,86.20364710672084,-9.927631692452865
past,1,65,88.63766129959404,-10.990279696204446
past,1,66,89.29894952475306,-10.748408512635665
past,1,67,90.86149405258968,-12.431103110313416
past,1,68,93.20141002447942,-13.845455440607937
past,1,69,97.01157139596481,-17.956213322552767
past,1,70,98.26402011471886,-17.08861128850417
past,1,71,100.1099208748972,-15.148691892623901
past,1,72,101.5379950268902,-13.752341812307185
past,1,73,99.63634163062318,-15.493088592182506
past,1,74,99.0038579419128,-17.63385359807448
past,1,75,95.24719612118213,-18.305005973035637
past,1,76,91.32852498346972,-17.517643505876716
past,1,77,89.77534218342507,-16.190771330486644
past,1,78,87.16384845937789,-14.414022207260132
past,1,79,85.6773427688998,-11.741413539106196
past,1,80,82.2199001529703,-7.509606578133323
past,1,81,82.72821231554407,-7.089448527856306
past,1,82,81.35315166898249,-6.156019817699086
past,1,83,80.4182717803204,-4.115053415298462
past,1,84,81.51928792565863,-5.484907486222007
past,1,85,82.94265321742512,-7.01152165369554
past,1,86,82.49411523951827,-8.464765299450267
past,1,87,85.92335882163486,-9.720375256104903
past,1,88,88.33139103783407,-9.213951024142178
past,1,89,90.64635178169338,-10.197894757444208
past,1,90,91.35117107350598,-10.008517276157033
past,1,91,92.93858784099476,-11.616366408087991
past,1,92,95.31361764368273,-12.942197962240739
past,1,93,99.04099517843406,-16.924125693061136
past,1,94,100.07418214412166,-15.978814341805197
past,1,95,101.40855294691879,-13.944689772345804
past,1,96,102.26902604827717,-12.60610620542006
past,1,97,100.27456265537958,-14.330498912117697
past,1,98,99.18948992296063,-16.63107145916332
past,1,99,95.16190005590464,-17.642794825813986
past,1,100,90.95251691835949,-17.060937838120893
past,1,101,89.30217503670785,-15.710421107032083
past,1,102,87.15983648600918,-14.053011666644704
past,1,103,85.79887328578043,-11.41396642814983
past,1,104,82.56451921896749,-7.007080587473783
past,1,105,82.89212815081954,-6.624738574028015
past,1,106,80.97403382670514,-6.241487687284296
past,1,107,79.83562098700676,-4.448469335382635
past,1,108,80.7576160260887,-5.7199308980594985
past,1,109,82.03007994148379,-7.02062312039462
past,1,110,81.42883805260212,-8.225724176927047
past,1,111,84.53040601737149,-9.436719385060398
past,1,112,86.76734208667423,-8.935498356819153
past,1,113,89.14750376724535,-9.887095592238687
past,1,114,89.83257391677994,-9.961290001869202
past,1,115,91.23665241229756,-11.488117911598899
past,1,116,93.6614890587581,-13.061822598630732
past,1,117,98.04073166401193,-16.980294075879183
past,1,118,99.4020843071641,-16.149990818717264
past,1,119,100.73484170855987,-13.958725539120762
past,1,120,101.62432598071128,-12.475800048221242
past,1,121,99.41964099832386,-14.531394893472845
past,1,122,98.20771918164189,-17.073685017499056
past,1,123,94.8996909948277,-17.96444669636813
past,1,124,91.18911684254407,-17.423330296169627
past,1,125,89.45063795630355,-16.264711076563056
past,1,126,86.90794735294725,-14.735763669013977
past,1,127,85.39777318251592,-12.331685001199896
past,1,128,82.32385213765147,-8.287312019955028
past,1,129,83.04781139855513,-8.010947487571023
past,1,130,81.4897300023063,-7.847596656192433
past,1,131,80.45121575132407,-6.2125254761088975
past,1,132,81.28494984943448,-7.3847490765831685
past,1,133,82.70768269374837,-8.411338497291911
past,1,134,81.95974546537161,-9.378533227877183
past,1,135,85.13103250527574,-10.714712451804768
past,1,136,87.38444860705089,-10.355385292660106
past,1,137,89.56917029294908,-10.930567340417342
past,1,138,90.14767383226969,-11.1763918670741
past,1,139,92.107797041923,-13.816033498807387
past,1,140,93.61980471955016,-14.751666621728377
past,1,141,97.64819771296786,-18.41279820962386
past,1,142,99.12499140045175,-16.982205802744087
past,1,143,100.58718383753967,-14.525424523787065
past,1,144,101.59807449329544,-13.00856048410589
past,1,145,99.65667776965792,-15.09000877900557
past,1,146,98.76065783557006,-17.964598233049568
past,1,147,95.28283584147768,-19.042509989304975
past,1,148,90.83102571934558,-18.569566098126497
past,1,149,88.85164483554902,-17.298443382436577
past,1,150,85.6509370481628,-15.293540727008473
past,1,151,83.76221599065867,-12.102668632160533
past,1,152,80.67165376908791,-7.368103005669334
past,1,153,81.10104601374269,-6.702515038576993
past,1,154,79.60314330759874,-6.538519328290766
past,1,155,78.67607239120282,-4.994699954986572
past,1,156,79.5757173219613,-5.896840572357178
past,1,157,81.10123997783786,-6.533533963290128
past,1,158,80.35590835848457,-7.3576392043720595
past,1,159,83.47142541257624,-8.690792029554194
past,1,160,85.77562055973118,-8.740848205306314
past,1,161,88.20927464323277,-9.908992333845658
past,1,162,88.80129323589242,-10.795886754989624
past,1,163,91.22703656023972,-14.14054894989187
past,1,164,92.69661535187468,-15.518924707716161
past,1,165,96.41365372623675,-18.75513166731054
past,1,166,97.6122520730525,-16.01634483987635
past,1,167,99.44775160767321,-13.130974357778376
past,1,168,101.00139031558167,-17.40949732607061
past,2,1,16.74026531459098,-3.240194930271669
past,2,2,30.40063944380387,-5.770305550233885
past,2,3,34.88700314952924,-5.19073196534406
past,2,4,40.12319149286338,-3.616873921995813
past,2,5,44.202851076036424,-2.513642626052553
past,2,6,48.74575478066401,-1.676291285590692
past,2,7,53.9499155810045,-0.24212660234082828
past,2,8,54.56984397252011,1.5121777585961602
past,2,9,56.705878837233975,0.35837936672297394
past,2,10,58.114559377881115,0.8099590675397352
past,2,11,59.618928778327415,3.2742767442356455
past,2,12,62.16262117311417,3.147510936991735
past,2,13,64.04112054645695,2.717998496510766
past,2,14,64.95149250233213,0.7241618477485396
past,2,15,67.95695524459654,-1.8780693249268965
past,2,16,70.79263298336069,-3.266467819159681
past,2,17,73.99084492800351,-5.751860796050592
past,2,18,75.66256827582352,-6.078682569278912
past,2,19,77.74083698011655,-7.5758175497705285
past,2,20,80.82285367316511,-8.167394719340585
past,2,21,84.61739047474022,-11.701405717567964
past,2,22,86.34249703352653,-11.100425153970718
past,2,23,88.94111432695207,-9.752737606113607
past,2,24,90.34455442088796,-8.786598633636128
past,2,25,89.63615927486431,-10.64708451791243
past,2,26,89.9378984315012,-12.199413169514049
past,2,27,86.06568689205828,-12.686942810362035
past,2,28,82.25023304621293,-12.029012284495614
past,2,29,81.34704257946005,-11.357069904153997
past,2,30,79.77133187178389,-10.648212405768307
past,2,31,79.31230775447804,-8.922276989980178
past,2,32,76.48062361883912,-5.299224084073847
past,2,33,77.36922787519607,-5.389773428440094
past,2,34,77.12064180859565,-4.453978630629453
past,2,35,76.64247362393856,-1.8258160244334827
past,2,36,77.71584701241324,-2.4438986669887197
past,2,37,78.89257291245633,-3.526387469335036
past,2,38,78.30495553841881,-5.340665519237518
past,2,39,81.51309502330626,-7.591505438089371
past,2,40,83.62091979142045,-8.159756703810258
past,2,41,85.66803545263232,-9.64665954492309
past,2,42,85.79443403287127,-9.192786796526475
past,2,43,86.76183980526922,-10.250145522030918
past,2,44,88.84499288543864,-10.818896586244756
past,2,45,92.51112352171701,-14.681065320968628
past,2,46,93.91660256221316,-14.464698428457433
past,2,47,95.88853934025701,-13.556935147805648
past,2,48,97.31510733657042,-12.655375350605357
past,2,49,95.44405840737178,-14.762417782436717
past,2,50,95.28423481622286,-16.79226873137734
past,2,51,91.41002996846579,-16.8885849497535
past,2,52,86.82265359350524,-15.4388713945042
past,2,53,85.29289289135382,-14.448730669238351
past,2,54,82.76208561717253,-13.29103507237001
past,2,55,81.88512164400026,-11.15182294628837
past,2,56,79.41944118198725,-7.446470937945626
past,2,57,80.57533483940053,-7.424410261891105
past,2,58,79.2298028721784,-6.281322755596855
past,2,59,78.39294927661902,-3.430549908768047
past,2,60,79.1943366736519,-3.908344420519742
past,2,61,80.66088728653916,-4.964843281290748
past,2,62,80.28137391328815,-6.971035957336426
past,2,63,83.68345349133378,-9.239063288677823
past,2,64,86.1979952128408,-9.715888647870583
past,2,65,88.35694404814073,-11.107310083440758
past,2,66,88.53958437891512,-10.677884175696157
past,2,67,89.8574032571365,-11.614533639766954
past,2,68,92.0985535903974,-12.053968784483997
past,2,69,95.79243323581237,-15.963805225762455
past,2,70,97.32984577193086,-15.691443860530853
past,2,71,99.74033527392707,-14.654622240500016
past,2,72,101.24372849682948,-13.772262491963126
past,2,73,99.75863998482127,-15.723295851187272
past,2,74,98.5051842867263,-17.7100286917253
past,2,75,94.73323835618552,-17.366939208724283
past,2,76,90.3875957437691,-15.975607254288413
past,2,77,88.52131239532065,-14.76722080599178
past,2,78,85.81960223839069,-13.468960236419331
past,2,79,84.6128421264612,-11.29235315322876
past,2,80,82.03105572094402,-7.568094838749278
past,2,81,82.6460805949194,-7.3065039840611545
past,2,82,81.84696426684657,-6.240715124390342
past,2,83,81.29478894596144,-3.6185463558543813
past,2,84,81.9740639041063,-4.334033039483157
past,2,85,83.15491782809134,-5.77098039876331
past,2,86,82.57473458839192,-8.01285769180818
past,2,87,85.80487608752846,-10.208303275433453
past,2,88,88.1373772322499,-10.53962717814879
past,2,89,90.21895989364329,-11.699994171207601
past,2,90,90.46699346442698,-10.965272483500568
past,2,91,91.52814824299521,-11.514613820747895
past,2,92,93.60283998881575,-12.027019503441723
past,2,93,97.41411831641423,-15.925566749139266
past,2,94,98.64545154207272,-16.018802827054802
past,2,95,100.86077325274891,-15.336830518462442
past,2,96,102.33475678079834,-14.658135495402597
past,2,97,100.8050318750196,-16.647546784444287
past,2,98,99.96104910790957,-18.553638290275227
past,2,99,96.44346524899724,-18.62311466173692
past,2,100,91.88521353503245,-17.278529503128745
past,2,101,89.75778502090462,-16.00529878247868
past,2,102,86.40543810616924,-14.73703506859866
past,2,103,84.87702751304941,-12.753738674250515
past,2,104,81.71144299642523,-8.85387607054277
past,2,105,82.17371821701701,-8.477575605565852
past,2,106,81.26403193372121,-7.904400906779549
past,2,107,80.29088606616786,-5.468392000956968
past,2,108,81.12916491155767,-5.986857999454845
past,2,109,82.75572581749297,-7.067941931161013
past,2,110,82.41823408563737,-8.843027052554218
past,2,111,85.65039251297135,-10.741197632879697
past,2,112,88.14100590541904,-10.754674803126942
past,2,113,90.2474917631736,-11.615126458081333
past,2,114,90.2927631725395,-11.064774337139996
past,2,115,91.19188622333733,-11.61802072145722
past,2,116,93.05896976751833,-11.94764167341319
past,2,117,97.10714898720892,-15.575468881563706
past,2,118,98.71123625044696,-16.047080885280263
past,2,119,100.5494196957091,-15.326581369746815
past,2,120,101.69423160575248,-14.663819329305129
past,2,121,99.94445609245962,-16.464536352591082
past,2,122,98.63481680268922,-18.37240380048752
past,2,123,95.26767789513872,-18.084697392853823
past,2,124,91.23962247964957,-16.53911509297111
past,2,125,89.22941470926061,-15.122605621814728
past,2,126,86.23168067298074,-13.79504166949879
past,2,127,84.57687140051192,-11.958771884441376
past,2,128,80.83474832099928,-8.394402980804443
past,2,129,81.35086183929188,-8.276855604215102
past,2,130,79.80439958601703,-7.934430582956835
past,2,131,78.86384213864889,-5.70842042836276
past,2,132,79.9441761994604,-6.184854550795122
past,2,133,81.53664741642581,-7.088778707114133
past,2,134,81.03288461488759,-8.50639117305929
past,2,135,84.4116858350986,-10.186572968959808
past,2,136,86.87946528706526,-10.112994237379594
past,2,137,89.09150024933153,-10.75111306255514
past,2,138,89.2251053075084,-10.447084578600796
past,2,139,91.57575207531252,-11.80450083992698
past,2,140,92.86833991536572,-11.408144864169033
past,2,141,96.56089099847544,-15.226303360678934
past,2,142,97.96101219422287,-15.171487493948502
past,2,143,100.04825677080342,-14.01359510421753
past,2,144,101.05798366715197,-12.87852383743633
past,2,145,99.20747805785675,-14.33433973789215
past,2,146,98.4068260282363,-15.977992729707198
past,2,147,94.80613857081528,-15.782665306871587
past,2,148,90.63649002836078,-14.458029627799988
past,2,149,88.93932989693955,-13.330580066550862
past,2,150,86.01299959543329,-12.399932498281652
past,2,151,84.58441556123152,-10.69688691334291
past,2,152,80.97499104813488,-7.240175279704007
past,2,153,81.72687227753062,-7.290162091905421
past,2,154,80.4171255958223,-6.997023837132887
past,2,155,79.54886482824377,-4.46858409318057
past,2,156,80.56844200329758,-4.418495833873749
past,2,157,81.96248934084426,-4.774313921278173
past,2,158,81.19074157601474,-5.495899953625419
past,2,159,84.4419371486935,-6.669321336529472
past,2,160,86.65015702726596,-6.45729224248366
past,2,161,89.13168839774691,-7.152969468723644
past,2,162,89.51464930481077,-7.324337276545438
past,2,163,91.45893611309661,-9.52670549533584
past,2,164,92.5787927786353,-10.275830106301742
past,2,165,96.44285198975636,-14.28970908576792
past,2,166,98.1620247420487,-13.546032656322826
past,2,167,100.25035750288785,-12.034530861811204
past,2,168,100.78921663286552,-7.703033761544661
past,3,1,16.572169011929095,-3.5277289043773306
past,3,2,31.528662620076485,-8.417367481372573
past,3,3,36.63867615616803,-8.888153939084573
past,3,4,42.42218356736957,-9.13673698766665
past,3,5,46.93279631024215,-8.974164220419796
past,3,6,50.68703005826172,-7.844034863635898
past,3,7,54.7927650740084,-5.945665593851697
past,3,8,55.602435597933315,-3.531971863724969
past,3,9,58.21255530808655,-3.691969704898921
past,3,10,60.10749321089954,-2.810580078851093
past,3,11,62.082307944562814,-0.28685581955042755
past,3,12,64.56622636670073,-0.7448335669257424
past,3,13,66.71515654136412,-0.7974886379458688
past,3,14,67.86243050596023,-2.064327753318304
past,3,15,70.77423310995957,-3.5376791567964987
past,3,16,73.33227282469248,-3.683355736461553
past,3,17,76.45353566574335,-5.139497758312658
past,3,18,77.90574852417672,-5.071730499917811
past,3,19,79.427637748421,-6.590935506603935
past,3,20,81.71432288509007,-7.197200382297689
past,3,21,85.12519753649055,-11.123316512866454
past,3,22,87.5073836115894,-11.048982159657912
past,3,23,90.01373110613451,-9.961178071775727
past,3,24,91.4281454344412,-9.032916987484152
past,3,25,90.62739872042823,-10.703098592433063
past,3,26,91.17519683752315,-12.507147073745728
past,3,27,87.31465673996748,-13.112010928717526
past,3,28,84.35265763066914,-12.544363460757516
past,3,29,82.9544258434121,-11.76559483463114
past,3,30,80.98872808256418,-11.020357484167272
past,3,31,79.82638244819641,-9.172217030416835
past,3,32,77.02212198298052,-5.734396555206993
past,3,33,78.35649044926194,-6.216575782407414
past,3,34,77.62994650122266,-5.9082689393650405
past,3,35,77.20040820133026,-4.012177483602003
past,3,36,78.8038648601161,-5.150191561742262
past,3,37,79.95996713193838,-6.114841173995625
past,3,38,79.46451711924054,-7.333107953721827
past,3,39,82.82568643175388,-8.679830133914948
past,3,40,85.03767044413864,-8.583837834271518
past,3,41,87.41489699175126,-10.014934864911167
past,3,42,87.96243087179846,-9.993078844113784
past,3,43,89.48458823211665,-11.594324155287309
past,3,44,91.60166453219297,-12.182059027931906
past,3,45,95.098553547518,-16.1661813584241
past,3,46,96.46930267312656,-15.893604116006331
past,3,47,98.01346194759014,-14.846882039850408
past,3,48,99.28162512327143,-13.715114972808145
past,3,49,97.34940279696488,-15.318690137429671
past,3,50,97.15635890501211,-16.73820931261236
past,3,51,93.20310433071985,-16.887968475168403
past,3,52,89.08943872085287,-15.945332700555975
past,3,53,87.434005276888,-15.238400979475541
past,3,54,85.08213192855726,-14.332036473534323
past,3,55,84.06364757748595,-12.373795140873302
past,3,56,80.4444908395924,-8.57620684667067
past,3,57,80.94933178339946,-8.639906205914237
past,3,58,79.2986061520109,-8.012267443266781
past,3,59,78.38126142105436,-5.8559200817888435
past,3,60,78.96276616189063,-6.870173925703222
past,3,61,80.32557721261688,-7.6333802532065995
past,3,62,80.06574771244297,-8.595737674019553
past,3,63,83.39121991257653,-9.729520125822587
past,3,64,85.97465424704366,-9.657950775189834
past,3,65,88.62696161807432,-11.373341408642856
past,3,66,89.16905707646333,-11.59752492742105
past,3,67,90.4817229869584,-12.773370962251317
past,3,68,92.57914630826558,-13.150718087499792
past,3,69,95.98422799951297,-16.883655049584128
past,3,70,97.16752139628186,-16.60537009347569
past,3,71,99.0007614637852,-15.632027154619044
past,3,72,100.51806808756783,-14.412985769185154
past,3,73,98.89769133698414,-15.556933457201177
past,3,74,98.13961220804906,-16.694712942296807
past,3,75,94.08641669034006,-16.589527991685
past,3,76,90.10690099892365,-15.457265122370286
past,3,77,88.90728663120306,-14.671058248389851
past,3,78,86.71926580654933,-13.66721971468492
past,3,79,85.23164454045492,-11.753226968375118
past,3,80,81.25236824547281,-7.819671056487343
past,3,81,81.74036992679352,-7.794734025543386
past,3,82,80.07684150013824,-7.072344471107829
past,3,83,79.352217844706,-5.039924299175089
past,3,84,80.13461439391774,-6.131964245980436
past,3,85,81.38293083441098,-6.757711042057384
past,3,86,81.21899938617358,-7.6062856045636265
past,3,87,84.41881585383616,-8.798184251243418
past,3,88,86.76952076908653,-8.870455660603263
past,3,89,89.24664010070404,-10.308762208981948
past,3,90,89.91541960460474,-10.273332541639155
past,3,91,91.1104140597405,-10.937673899260433
past,3,92,93.12308626580253,-11.304191957820546
past,3,93,97.05547632241029,-14.687044821002267
past,3,94,98.49808587053094,-14.416679154742848
past,3,95,99.93395745718077,-13.290695109150626
past,3,96,101.26235415874142,-12.308353510769932
past,3,97,99.43595143851206,-13.673699855804443
past,3,98,98.54600679481955,-15.135817332701249
past,3,99,94.87749654759652,-15.436476338993419
past,3,100,91.25984126108565,-14.709627888419412
past,3,101,90.27871048725089,-14.012821181253953
past,3,102,87.71360096648698,-12.918058796362443
past,3,103,86.25317069913257,-10.89962293884971
past,3,104,82.87955618745995,-6.854303798892281
past,3,105,83.77449618352657,-6.859721178358251
past,3,106,81.84797541828407,-6.701336708935824
past,3,107,80.82275654473483,-4.854009070179679
past,3,108,81.25379604855593,-5.665835180065849
past,3,109,82.16041285505115,-6.428967833518982
past,3,110,81.41173425939313,-7.58325641263615
past,3,111,84.6029262379146,-9.15430235862732
past,3,112,87.14624761512927,-9.405866519971328
past,3,113,89.62747733351898,-11.03377258235758
past,3,114,90.10468818244699,-11.044054947116159
past,3,115,90.7490072814622,-11.923367711630734
past,3,116,92.51037935764803,-12.419000435959209
past,3,117,96.08882559247694,-15.973978140137412
past,3,118,97.43679972631297,-15.961267904801803
past,3,119,99.22966266287179,-14.743150841106068
past,3,120,100.57248788091682,-13.622103062543003
past,3,121,98.6837935210887,-15.168560949238865
past,3,122,97.78893722521482,-16.945375670086253
past,3,123,93.98783978920073,-17.313180576671254
past,3,124,90.42742672206944,-16.474805040792987
past,3,125,89.1274718830367,-15.632520258426666
past,3,126,86.51891842041474,-14.349820386279713
past,3,127,84.63685212451931,-12.290225321596319
past,3,128,81.29800089655055,-8.74588484655727
past,3,129,82.22944128243213,-8.973328292369843
past,3,130,80.6426536666657,-8.725636455145748
past,3,131,79.6387820804943,-6.8403519500385634
past,3,132,80.38078523180592,-7.401874325492165
past,3,133,81.8242816077026,-7.946843000975522
past,3,134,81.13151407536981,-8.771363843571056
past,3,135,84.39080004274882,-10.160859167575836
past,3,136,86.73186928804337,-10.357803203842856
past,3,137,88.90163236908815,-11.399694052609531
past,3,138,89.01828596953158,-11.455617639151486
past,3,139,90.90656075626187,-13.18854191086509
past,3,140,92.39340597843719,-13.077006470073353
past,3,141,96.27733924660546,-16.39281621846286
past,3,142,98.17144043948728,-15.50105595588684
past,3,143,100.344943991171,-13.409801266410135
past,3,144,101.57054651724981,-11.818530396981673
past,3,145,99.910417856239,-13.313618703321977
past,3,146,99.17967859776073,-15.094592517072504
past,3,147,95.35302044542621,-15.42803133617748
past,3,148,91.54592538257052,-14.70271343534643
past,3,149,89.81987179407714,-13.911913709207015
past,3,150,86.85392763618673,-12.928946289149197
past,3,151,85.06276349101884,-10.960895863446323
past,3,152,81.86860567669997,-7.217986150221392
past,3,153,82.29516655967436,-6.99914999441667
past,3,154,80.35326654081275,-6.5212837566028945
past,3,155,78.93733889446621,-4.177420350638303
past,3,156,79.54643938090234,-4.407639275897633
past,3,157,80.70780722770706,-5.263292334296486
past,3,158,79.68022702846233,-6.365486946972934
past,3,159,83.0106446628972,-8.723813013596969
past,3,160,85.53171006158423,-9.918944575569846
past,3,161,88.16019025837568,-12.18758568980477
past,3,162,89.0864111811831,-13.865737167271702
past,3,163,91.52236597382816,-17.629603245041586
past,3,164,92.94668588376356,-19.142288023775276
past,3,165,97.04067254988658,-23.083135761997916
past,3,166,98.32939121623518,-21.220774894410912
past,3,167,99.87668590864678,-18.68441880833019
past,3,168,100.82868395381524,-17.067594994198192
past,4,1,16.6853933675237,-3.353436058217829
past,4,2,30.944408383586723,-7.048527074469761
past,4,3,36.81089190427145,-8.078909968787974
past,4,4,43.1133980851988,-8.355811483819377
past,4,5,47.12001184279133,-7.463355843676254
past,4,6,49.45039696714796,-6.13372639702125
past,4,7,53.54113566764792,-3.6999371854419056
past,4,8,53.820926443262266,-0.5159493860026653
past,4,9,56.397509700670284,-0.2643337080424482
past,4,10,58.14015915246048,1.1776643896644765
past,4,11,60.49372982846819,3.5725888134065
past,4,12,62.961527741709396,2.938669535077431
past,4,13,65.2280007247329,2.191481179727072
past,4,14,66.33512042633993,1.0619929019700398
past,4,15,69.23858161072096,-1.4175293120470913
past,4,16,71.73060809066021,-2.597483267838305
past,4,17,74.39813280479052,-4.714894044128331
past,4,18,75.5749730277629,-4.68460701270537
past,4,19,77.01029880899918,-5.871261909604073
past,4,20,79.1748466660055,-6.430305677381429
past,4,21,82.29954619040258,-10.106265447356485
past,4,22,84.32466527754286,-9.7402747774666
past,4,23,87.28156967967243,-8.486358727243813
past,4,24,88.6831226386431,-7.4550782463259315
past,4,25,87.8826012522322,-9.188643154772846
past,4,26,88.03436327140466,-11.143475299870426
past,4,27,84.29971919451009,-12.008080724965442
past,4,28,81.15590576568007,-11.544561291282827
past,4,29,80.16968226210975,-10.666133406487377
past,4,30,78.74617223461587,-9.606687299229883
past,4,31,78.6860400884225,-7.358500794930891
past,4,32,75.94660740928138,-3.7320963550697672
past,4,33,76.56039429016414,-4.229625149206682
past,4,34,75.65616050539812,-3.98138965530829
past,4,35,75.44792431123786,-2.425654259595004
past,4,36,76.53349833297025,-3.485718220472336
past,4,37,78.28417619135458,-4.974127424034205
past,4,38,78.00507461792499,-6.411665713245219
past,4,39,81.6018093440592,-7.807269668037241
past,4,40,84.18110452067758,-7.957311302423477
past,4,41,86.481064969314,-9.40878011692654
past,4,42,86.97077540857592,-9.069808770309795
past,4,43,88.78078293533663,-10.170843324878
past,4,44,91.26923011165312,-10.596408508040689
past,4,45,94.76334762868449,-14.44596124237234
past,4,46,96.64898575449422,-14.147723571820693
past,4,47,98.94524984340549,-13.181453829461878
past,4,48,101.0168621690793,-11.899153741923245
past,4,49,99.44581242621517,-13.449213466861032
past,4,50,99.18668707895749,-15.356272849169644
past,4,51,95.23496152616103,-16.021200472658332
past,4,52,90.57248927026686,-15.416283742948012
past,4,53,88.80513205487185,-14.474841399626298
past,4,54,86.45340107764989,-13.153251035646958
past,4,55,84.88454317665033,-10.647654641758312
past,4,56,81.1171487611951,-6.814481052485379
past,4,57,81.27091790559166,-7.060411117293618
past,4,58,79.36366971071254,-6.931318787011233
past,4,59,78.07281317243154,-4.884243146939711
past,4,60,78.91583094722567,-6.05897456407547
past,4,61,80.42284429075491,-7.333522038026289
past,4,62,79.69506354356766,-8.620911587368358
past,4,63,83.2273108926763,-9.899044199423356
past,4,64,85.91201278334786,-9.74362884868275
past,4,65,88.31040243752977,-10.83099913597107
past,4,66,88.49898781989197,-10.23400940136476
past,4,67,89.94411684516366,-10.928166389465332
past,4,68,92.10587009600815,-11.121565824205225
past,4,69,95.90763191424834,-14.723328351974487
past,4,70,97.66280237867862,-14.330417329614813
past,4,71,99.94698884267055,-13.122628948905252
past,4,72,101.50142063829544,-11.938513441519303
past,4,73,99.6173970872232,-13.542256886308843
past,4,74,98.84651517076122,-15.55912074175748
past,4,75,95.0685014094222,-16.266166632825676
past,4,76,91.21787269518126,-15.74747593836351
past,4,77,89.46872743658184,-14.995104193687439
past,4,78,87.11621580463576,-13.88642121445049
past,4,79,85.44754128728118,-11.454003274440765
past,4,80,82.32591580223624,-7.4780724969777195
past,4,81,82.73719475449626,-7.8772900538011035
past,4,82,81.19416922174837,-7.602153100750663
past,4,83,80.0670384806302,-5.541346327825026
past,4,84,80.75171817028739,-6.557179499756206
past,4,85,82.34057016037114,-7.799520508809523
past,4,86,81.90558741606038,-9.149892899123104
past,4,87,85.49245370933608,-10.37937039678747
past,4,88,88.05657357105792,-10.27478688955307
past,4,89,90.35660159559517,-11.306676116856663
past,4,90,90.60995035650967,-10.65473059090701
past,4,91,91.92069741455087,-11.373218005353754
past,4,92,93.90664991731833,-11.736305594444275
past,4,93,97.38988427871543,-15.21507786620747
past,4,94,98.78560257099805,-14.745104377919978
past,4,95,101.14380090046474,-13.638948462226175
past,4,96,102.6041896715064,-12.415574767372824
past,4,97,100.40503781657289,-13.859887318177657
past,4,98,99.26923496081723,-15.657197811386801
past,4,99,95.33440272918892,-16.43441484191201
past,4,100,91.19249179126108,-16.171335274522956
past,4,101,89.63103888304805,-15.54856288433075
past,4,102,87.36057835384804,-14.475057471882213
past,4,103,85.86504303623354,-12.077751896598123
past,4,104,82.71975301520334,-8.021562283689326
past,4,105,83.05987033607677,-8.281071359461004
past,4,106,81.26937774944747,-8.286344300616872
past,4,107,79.87600523007386,-6.221057946031744
past,4,108,80.47976518637542,-7.067776820876381
past,4,109,82.01688636217916,-8.334748929197138
past,4,110,81.86205730853722,-9.52382015098225
past,4,111,85.18343064556274,-10.84936062856154
past,4,112,87.56905746969157,-10.829951134595005
past,4,113,90.04224140249491,-11.943821679462086
past,4,114,90.32528681136222,-11.846784255721353
past,4,115,91.53695837506406,-12.67989018830386
past,4,116,93.45472068335,-13.268367019566623
past,4,117,97.24429316120653,-16.790015036409553
past,4,118,98.88068619698532,-16.458607370203193
past,4,119,101.42893773024525,-15.418423034928061
past,4,120,102.7947978102433,-14.38303769718517
past,4,121,100.92721480123812,-16.141054554419085
past,4,122,99.96325326509076,-18.48271818594499
past,4,123,96.13650181994848,-19.027783410115674
past,4,124,91.84736061693526,-18.286037916486915
past,4,125,90.28097608300041,-17.254342621023003
past,4,126,87.18655169124295,-15.82717724279924
past,4,127,85.70300940703615,-13.594371210445058
past,4,128,82.46250206510354,-10.00196431983601
past,4,129,83.09495126606116,-10.33256228945472
past,4,130,81.58026420696739,-10.366389177062295
past,4,131,80.83336560820368,-8.424257289279591
past,4,132,81.9289312302209,-8.99193205616691
past,4,133,83.30035802135221,-9.6731827638366
past,4,134,82.79345692280253,-10.613228749145161
past,4,135,86.00566846395125,-12.103609670292247
past,4,136,88.31574234943986,-12.387340583584525
past,4,137,90.73994815427626,-13.391527116298676
past,4,138,91.11073748000518,-13.564881817861037
past,4,139,92.97378969965249,-15.647177495739676
past,4,140,94.69257415718283,-15.956672462550076
past,4,141,98.67215166507484,-19.618220166726545
past,4,142,100.60815929479828,-19.013567534360018
past,4,143,102.23660643016913,-17.470582122152504
past,4,144,103.17454300443612,-15.926058785481887
past,4,145,101.34201051366018,-17.201305622404274
past,4,146,99.97635806406204,-18.700035181912508
past,4,147,95.9191708816173,-18.34083627570759
past,4,148,91.38613616818182,-17.035592385313727
past,4,149,89.48523022419455,-15.437102962623943
past,4,150,87.05299040657486,-14.02817304296927
past,4,151,85.71008244648714,-11.718013050881298
past,4,152,81.9754879177513,-8.15458181771365
past,4,153,81.75322763718525,-8.281899446790868
past,4,154,80.03386383359143,-8.047131007367915
past,4,155,78.81854578353209,-5.57651272687045
past,4,156,79.72955331304189,-5.743829954754222
past,4,157,80.80832943285347,-5.281837658448652
past,4,158,80.15443320882883,-5.195373778993433
past,4,159,83.67193846733207,-5.960502451116389
past,4,160,85.85980817376914,-5.71345069733533
past,4,161,88.38188755593416,-6.717521824619987
past,4,162,88.8477987492222,-7.2209600968794385
past,4,163,90.7273850320506,-9.7776761488481
past,4,164,92.63868460431766,-10.056462222879583
past,4,165,96.5844876870395,-12.389244935729288
past,4,166,98.50228514980208,-9.255041756413199
past,4,167,100.13544899440329,-6.103383584456011
past,4,168,101.41516781628917,-3.9294102137739007
past+future,0,1,16.003302695551024,-0.840122487057339
past+future,0,2,28.92566575501772,-5.073809029026465
past+future,0,3,31.751114614436247,-4.452700066803531
past+future,0,4,33.36349839660613,-3.6898105459457096
past+future,0,5,35.787514512009295,-3.0107904778454793
past+future,0,6,37.605227258999975,-4.39972672611475
past+future,0,7,39.447169910360124,-2.5639323642985388
past+future,0,8,38.82238646746669,0.09353693676265804
past+future,0,9,38.521860377998095,0.6934505484320901
past+future,0,10,39.90774775614854,2.052312270653519
past+future,0,11,39.06973465352482,4.275132276456464
past+future,0,12,36.304515744266816,5.095984606072307
past+future,0,13,34.66125673275843,4.245399962094697
past+future,0,14,35.02891207014724,4.499126069194807
past+future,0,15,35.70275270780299,3.1387068050151523
past+future,0,16,36.55800814260616,2.8322966918349266
past+future,0,17,37.90788020336911,2.4855875242501497
past+future,0,18,39.791609539026325,4.948942174965685
past+future,0,19,38.193456834081964,5.234655668112365
past+future,0,20,38.22823756375937,5.355206335217438
past+future,0,21,40.52079522280102,2.2240943208969175
past+future,0,22,42.62610896542454,4.300159592520107
past+future,0,23,45.179143674603466,7.715058369392699
past+future,0,24,47.32578061934362,9.801772201603109
past+future,0,25,48.751932836751706,9.516974404962225
past+future,0,26,50.07897527499342,7.864104661074552
past+future,0,27,48.51414685311308,8.07704128020189
past+future,0,28,47.717912870186055,7.859926378185099
past+future,0,29,48.39248106878178,8.007884859361432
past+future,0,30,49.311427345427,5.662758491933346
past+future,0,31,49.803365224986,6.992101848125458
past+future,0,32,49.433873126945066,10.009274940599095
past+future,0,33,48.833779209874265,10.524797103113748
past+future,0,34,47.86445848385434,11.390627278523011
past+future,0,35,45.48204426874665,13.042185291647911
past+future,0,36,42.991969362024044,13.360566945915872
past+future,0,37,41.03355989869507,12.05372227389704
past+future,0,38,40.135377608097016,11.324713710356843
past+future,0,39,40.28274250238861,9.193831404840404
past+future,0,40,40.80041455827234,8.556500018389091
past+future,0,41,41.17886586287031,8.008023281327702
past+future,0,42,43.26202409969216,10.206775058399547
past+future,0,43,41.762922382717946,10.12653529220684
past+future,0,44,41.97156144384324,9.926175305111842
past+future,0,45,43.977044132503984,6.144937884401191
past+future,0,46,45.77121601422344,7.909710644321009
past+future,0,47,48.46822156330431,10.367653819647701
past+future,0,48,51.67944165294879,12.140628516674042
past+future,0,49,52.01237662921522,11.435367963530801
past+future,0,50,51.841336038169636,9.561940748413855
past+future,0,51,49.29014393472799,9.604711980241435
past+future,0,52,48.484584992253424,9.632097687910903
past+future,0,53,49.99869800907546,9.596357876180925
past+future,0,54,50.52521217402621,7.17760728570548
past+future,0,55,51.174558857387005,8.388431870801883
past+future,0,56,50.984320555470134,11.237634406509725
past+future,0,57,49.748853272402684,11.647938373413952
past+future,0,58,47.71378408154181,12.261932121081786
past+future,0,59,44.74730476271631,13.699152238667011
past+future,0,60,42.041739155661645,13.888654705137014
past+future,0,61,40.43947170430762,12.552616484801877
past+future,0,62,39.834943429243935,11.84021976759488
past+future,0,63,40.851780270559516,9.797898802567612
past+future,0,64,41.45775384960162,9.114738818258047
past+future,0,65,42.38590196983621,8.495280663059516
past+future,0,66,45.00901363685144,10.425279363227839
past+future,0,67,44.24202702499341,10.255486478182403
past+future,0,68,45.19575568972743,9.893178802322257
past+future,0,69,47.079844892713474,6.286966569383036
past+future,0,70,48.69777047503893,8.416033815253865
past+future,0,71,50.8432698349525,10.998691967942499
past+future,0,72,53.770873035484065,12.530998239463026
past+future,0,73,54.377451278854565,11.562729273330081
past+future,0,74,53.81103049268468,9.660195535218174
past+future,0,75,51.95501571194258,10.040867097337138
past+future,0,76,50.65857399472563,9.831418724222617
past+future,0,77,51.21290084523038,9.91747566913678
past+future,0,78,51.319250385561666,7.453693973747167
past+future,0,79,50.795320747013875,8.266282431696625
past+future,0,80,50.34118404361623,11.031047454230826
past+future,0,81,48.953184328005335,11.425905108790506
past+future,0,82,46.619104858578865,12.107582313770598
past+future,0,83,44.011497890622415,13.627601627599109
past+future,0,84,41.770999989344496,13.89383201436563
past+future,0,85,39.84241731950877,12.372654793826355
past+future,0,86,38.975826278744975,11.672142071480101
past+future,0,87,40.79237012643432,9.852725442541255
past+future,0,88,42.09265769949587,9.460489772239022
past+future,0,89,43.10027033287984,8.995938003232533
past+future,0,90,45.266333929128336,11.000880267934091
past+future,0,91,44.24855456806857,10.876436212608082
past+future,0,92,45.12453422362683,10.463942385871302
past+future,0,93,47.13431388516835,6.8925894647836685
past+future,0,94,49.597879190156476,8.774429209530354
past+future,0,95,52.00258076978135,11.67900365455584
past+future,0,96,54.95466952875114,13.19249794090336
past+future,0,97,55.622257435317344,12.383475962010296
past+future,0,98,55.14759798377756,10.487320646982301
past+future,0,99,53.259248574669655,10.439938890324397
past+future,0,100,52.36210311826971,10.044401581991803
past+future,0,101,53.210991899478294,9.906103231012821
past+future,0,102,52.68114534932585,7.5865734990008855
past+future,0,103,51.48234424052801,8.281507709148256
past+future,0,104,51.231583544078646,11.353920765559781
past+future,0,105,50.46352395864493,11.785763437436385
past+future,0,106,48.18298455541166,12.028098066760736
past+future,0,107,46.13926679741503,13.68729161775925
past+future,0,108,43.84806327106317,13.988219976086508
past+future,0,109,42.04536427382102,12.62423672798005
past+future,0,110,40.202275688170246,12.053244422274558
past+future,0,111,41.51338982419831,9.969599837437272
past+future,0,112,42.73731605384441,9.443018948828632
past+future,0,113,43.52894201647374,8.867143887010487
past+future,0,114,45.574371826284626,10.658153150569309
past+future,0,115,44.563938582074975,10.624137085269798
past+future,0,116,45.50448210478761,10.176704474470831
past+future,0,117,48.0943812871927,6.67735616998239
past+future,0,118,50.118468065771005,8.203335216099566
past+future,0,119,52.51885209101964,11.113379506563598
past+future,0,120,55.540880596751485,12.711690780114044
past+future,0,121,55.759511887639526,12.1395953993567
past+future,0,122,55.27078000532804,10.020462177016519
past+future,0,123,53.47226847062144,10.389525249261748
past+future,0,124,52.177742820341464,10.027611581439322
past+future,0,125,52.37965497293501,10.043333875862034
past+future,0,126,51.899203378975585,7.565135973844338
past+future,0,127,51.7704026793844,8.616225992075421
past+future,0,128,51.60697338407809,11.438043495470827
past+future,0,129,50.449943648744004,11.837782330133699
past+future,0,130,47.890698018819684,12.142551872540604
past+future,0,131,45.79342247014633,13.545025445478545
past+future,0,132,43.75904927369176,14.093690654305233
past+future,0,133,41.63089328404998,12.766411379657008
past+future,0,134,39.81737411998125,12.225294692611152
past+future,0,135,41.079590802513536,10.069595453583382
past+future,0,136,42.25813736931861,9.271394787356257
past+future,0,137,43.08257390753847,9.23277195860547
past+future,0,138,44.8294450597031,11.003601825372739
past+future,0,139,44.663888077418996,10.188928845592521
past+future,0,140,44.29725985553499,10.529070876200091
past+future,0,141,46.69448798729877,7.124981567940929
past+future,0,142,49.75947502917843,9.533364222130992
past+future,0,143,52.79019101490789,12.493680942464959
past+future,0,144,55.43500709926393,13.975740384733813
past+future,0,145,56.23460668185066,13.156046493063597
past+future,0,146,55.434322225466516,11.43691260367632
past+future,0,147,53.14458790301207,11.3812253263525
past+future,0,148,51.76301603496907,10.415804136544466
past+future,0,149,51.86282896661072,10.216925570910627
past+future,0,150,50.82859685997742,7.859382927417755
past+future,0,151,50.52990024612023,8.968699548478154
past+future,0,152,49.84304534716164,11.804388187148355
past+future,0,153,48.73469498131349,11.898767269470476
past+future,0,154,47.22100325304183,11.684672713072029
past+future,0,155,44.757120418554614,12.018487478521736
past+future,0,156,42.113924518057814,12.22977786917578
past+future,0,157,40.6791352528015,10.844781699844383
past+future,0,158,39.478533759944426,10.641662230545824
past+future,0,159,40.80780792314222,9.081211244518107
past+future,0,160,41.58347570022345,8.863893137059428
past+future,0,161,42.241599512377995,9.923519051549109
past+future,0,162,42.84800011858311,12.946410215036435
past+future,0,163,43.636422446525934,12.806419758972796
past+future,0,164,43.780771188490164,13.995548937808383
past+future,0,165,47.71674100572808,11.276473480107432
past+future,0,166,53.80130834224126,16.351778075776316
past+future,0,167,58.24842255265476,21.00372449325567
past+future,0,168,61.92797390677656,16.06293241408738
past+future,1,1,15.64237869016735,-0.19611314277757297
past+future,1,2,29.85695973242842,-5.068593778054822
past+future,1,3,34.48760212645212,-3.717269289899956
past+future,1,4,36.48981309244882,-2.8781007802621885
past+future,1,5,38.78765151875421,-1.9188481498170982
past+future,1,6,39.26750034141847,-2.6101664399558846
past+future,1,7,40.102255179112944,-0.3177514770068228
past+future,1,8,38.036341655304305,2.3501297391273757
past+future,1,9,38.58793196984495,2.303754162381996
past+future,1,10,41.7065107986666,4.1152477041733535
past+future,1,11,42.058473793148394,6.171574687923897
past+future,1,12,39.01509504521047,7.211527190425179
past+future,1,13,37.50999353081943,6.793993695215746
past+future,1,14,36.0615945195862,7.145339355698194
past+future,1,15,36.10027291973378,5.693804328165822
past+future,1,16,36.80091259508939,5.441764465448531
past+future,1,17,36.09824515956648,4.9035422790541565
past+future,1,18,38.116997697413446,7.560638688504696
past+future,1,19,37.44079256762615,9.213126715611327
past+future,1,20,38.12593089612081,9.398421555821022
past+future,1,21,40.23026363493694,6.3290605033663185
past+future,1,22,41.91269913270172,9.147222513840957
past+future,1,23,46.40042822850588,12.928114835511554
past+future,1,24,49.33835108837175,14.641769867051732
past+future,1,25,48.462787679495605,13.270665534179319
past+future,1,26,48.78750570848468,10.91268454356627
past+future,1,27,48.74983594970058,11.788167723200537
past+future,1,28,49.11241866912645,11.756824897094207
past+future,1,29,48.95604681955182,10.955872633240439
past+future,1,30,48.54983973758562,9.18000107597221
past+future,1,31,50.28482691247994,10.602455034174703
past+future,1,32,47.79986360072916,13.124022352763198
past+future,1,33,47.91485531345516,12.472287381702865
past+future,1,34,47.46625756674512,13.377810942178423
past+future,1,35,46.97075982844152,14.903685617175968
past+future,1,36,44.546175459911666,15.765575891868634
past+future,1,37,42.06551235834683,14.27876809916713
past+future,1,38,39.995314464349214,13.675162821161477
past+future,1,39,39.999616262948,11.454041184688156
past+future,1,40,40.61906628654795,10.55322255549783
past+future,1,41,40.43691531731079,9.87050428592854
past+future,1,42,41.967292748427504,11.876344250684435
past+future,1,43,40.92339870177281,12.667257026515223
past+future,1,44,41.330342194897966,12.265355720438741
past+future,1,45,43.084118523563916,8.863019565966995
past+future,1,46,45.41560723521533,11.590530994263561
past+future,1,47,50.79497882944275,15.286146533760158
past+future,1,48,53.98482511585279,16.679638068784367
past+future,1,49,52.87417913336959,15.245851597833363
past+future,1,50,51.9750487873686,12.994343957948415
past+future,1,51,51.0569479188823,13.43331702189012
past+future,1,52,50.86422148278045,12.923263360492207
past+future,1,53,50.32303939789331,12.08013621861623
past+future,1,54,49.47567920149625,10.00992229174484
past+future,1,55,50.858936841744246,11.11770325509662
past+future,1,56,48.69637834588387,13.56561568988995
past+future,1,57,48.7146107022667,12.773408545689149
past+future,1,58,48.170237813569244,13.39358901706609
past+future,1,59,47.79446592104119,14.772812034596097
past+future,1,60,45.29085457976997,15.267911051146008
past+future,1,61,43.01178639925927,13.703091071177782
past+future,1,62,41.11676657081882,12.741063890132038
past+future,1,63,41.90628453381243,10.655957121063363
past+future,1,64,42.57351130472757,10.04553912800144
past+future,1,65,42.542942356238626,9.351254543628205
past+future,1,66,43.889699336437516,11.29672413658012
past+future,1,67,43.126543395259496,12.293200567364693
past+future,1,68,43.75251451652848,12.204080282287164
past+future,1,69,45.73598314827635,9.004930223041976
past+future,1,70,48.207079656916264,11.772480575198477
past+future,1,71,52.643195622205425,15.455277213996107
past+future,1,72,56.58733382393675,17.019882816821337
past+future,1,73,55.52109607813286,15.306139445778998
past+future,1,74,54.01598692214219,13.035608567974784
past+future,1,75,53.25857331671146,13.853160326961767
past+future,1,76,52.315756320431746,13.723380217159336
past+future,1,77,52.283382259249876,13.163949554532088
past+future,1,78,51.541616766889014,11.313677711920304
past+future,1,79,52.906334929072905,12.127170929854566
past+future,1,80,51.01447076224898,14.618709128011357
past+future,1,81,51.067829464135606,13.812972896097397
past+future,1,82,50.25889108449594,14.581558363004165
past+future,1,83,49.3143762840828,15.589063741097396
past+future,1,84,47.18419812421692,16.230948635461655
past+future,1,85,45.030547253953074,14.816214169968259
past+future,1,86,43.26073160809979,13.853186655493284
past+future,1,87,43.22184060831099,11.601313871246846
past+future,1,88,43.55184452410107,11.006952353499152
past+future,1,89,43.667175710098874,10.257787117141891
past+future,1,90,45.97800296389276,12.29270631887696
past+future,1,91,44.851087842363654,13.195638844224794
past+future,1,92,45.84225993451514,12.994975522837855
past+future,1,93,47.82573552134926,9.452903792939402
past+future,1,94,50.49147334988976,12.072733544490553
past+future,1,95,54.97548999545207,15.661068108948795
past+future,1,96,58.280838781812776,17.40159055997025
past+future,1,97,56.75022284252011,16.311033270575784
past+future,1,98,54.826103032605374,14.037287234582685
past+future,1,99,54.36954934213456,14.833354399285533
past+future,1,100,52.985793140275355,14.365626125173135
past+future,1,101,52.59260256675971,13.75319513712417
past+future,1,102,51.59140747434477,11.524523267353123
past+future,1,103,52.39186853647066,12.460236354307694
past+future,1,104,50.59526342263812,14.681579003957184
past+future,1,105,50.26055164150546,13.606990758668292
past+future,1,106,48.72158059255696,13.92808565700596
past+future,1,107,48.21993479961255,15.37612985861911
past+future,1,108,46.37776701896096,16.303314771870976
past+future,1,109,44.362279032764405,14.975312378765507
past+future,1,110,43.34702402816045,14.655161661857909
past+future,1,111,43.836701385386554,12.762029491195625
past+future,1,112,44.45843352242524,12.386917843737386
past+future,1,113,43.8434571852573,11.57957080446861
past+future,1,114,45.24981462471767,13.53973120891235
past+future,1,115,45.17206072941664,14.856120409274643
past+future,1,116,46.14097093216434,14.827196709303694
past+future,1,117,47.92425023166905,11.528576078740032
past+future,1,118,51.408556337076895,14.479982040145181
past+future,1,119,56.40226168355661,18.23732855374163
past+future,1,120,60.060881988892135,19.78231764991175
past+future,1,121,59.09230532742805,18.28650105905465
past+future,1,122,56.331067122988884,15.402286278930577
past+future,1,123,54.812363808099306,15.702577875419097
past+future,1,124,54.61837168123025,15.251062913628465
past+future,1,125,54.08465230429015,14.662306161089377
past+future,1,126,52.267079961096236,12.287096266719429
past+future,1,127,53.58128267862107,13.294582227752967
past+future,1,128,50.736949431442426,15.373034476895224
past+future,1,129,50.18283155653569,14.496231358667666
past+future,1,130,49.145008437199955,14.911603430794043
past+future,1,131,49.179492682193946,16.246859773993492
past+future,1,132,47.31756266830668,17.177682775665414
past+future,1,133,45.733235937324174,15.969191112301566
past+future,1,134,44.35155938702543,15.497872025875205
past+future,1,135,44.43666421082832,13.267078301784666
past+future,1,136,44.98585763206036,12.456698083403436
past+future,1,137,44.700245217493034,12.035750821232796
past+future,1,138,46.7043503441822,14.049151373180477
past+future,1,139,47.50574576078432,14.452488114888018
past+future,1,140,47.762430269610924,15.119872969151897
past+future,1,141,49.576946273500084,12.513360571793534
past+future,1,142,53.039126042231885,16.218776614828542
past+future,1,143,57.37505937373567,20.278409353542056
past+future,1,144,60.316116973422574,21.91734705594453
past+future,1,145,58.37660573201337,20.725023081356827
past+future,1,146,55.41266958776628,17.89551140909845
past+future,1,147,54.038592004056696,18.14586800743233
past+future,1,148,54.171757284538636,17.35265374513851
past+future,1,149,53.54748516027843,16.574360377747904
past+future,1,150,52.02027287858889,13.948032649403268
past+future,1,151,52.7507703859024,14.629821112887425
past+future,1,152,50.34001395578009,16.514998308504634
past+future,1,153,50.12837888142176,15.72791456634348
past+future,1,154,48.53120896081991,16.160977064123884
past+future,1,155,48.80905039179118,17.411743238229644
past+future,1,156,46.778348703720475,18.2529473609545
past+future,1,157,45.143623092472545,16.29993127437774
past+future,1,158,43.12872117924069,15.264425804097714
past+future,1,159,43.44349929477952,11.923613630235195
past+future,1,160,43.812603667368855,10.050666383806277
past+future,1,161,42.46372337182674,9.078771935860543
past+future,1,162,42.92436997328634,10.933587078428404
past+future,1,163,43.541349255763954,11.118453658439897
past+future,1,164,43.85556288470509,11.805603557414459
past+future,1,165,46.107873093240684,9.44274317947301
past+future,1,166,51.00952962118242,14.008806063031608
past+future,1,167,54.94044595675507,20.039442979476668
past+future,1,168,62.57161150900593,27.589371780441567
past+future,2,1,15.773824065528526,-0.5741063024510037
past+future,2,2,28.9927666515243,-4.526331623169509
past+future,2,3,31.377108022476147,-3.1043360551649872
past+future,2,4,32.64043131321003,-2.21641726216132
past+future,2,5,34.23933201890112,-0.9559973993084647
past+future,2,6,36.302588737757766,-2.1058224466713993
past+future,2,7,38.6664450353196,0.17982630567117172
past+future,2,8,38.713969281061374,2.634571642360904
past+future,2,9,38.86946869721724,2.140048161487688
past+future,2,10,40.19565235659325,3.008933160115372
past+future,2,11,41.079716636714785,5.965053086931055
past+future,2,12,38.8178069596789,6.923863266002048
past+future,2,13,37.43477566577552,6.78056026385589
past+future,2,14,37.791516480198865,6.813856369392439
past+future,2,15,37.53030258019675,5.530233766544949
past+future,2,16,36.92816602918268,5.574498129839247
past+future,2,17,36.65037358339848,4.911721779033542
past+future,2,18,39.140299055951346,6.947207992727106
past+future,2,19,38.464052111832636,6.837712639900432
past+future,2,20,38.4244766219537,7.4158982038497925
past+future,2,21,40.20085364675573,4.110592118718407
past+future,2,22,41.81653291275016,6.256313870576295
past+future,2,23,44.51965973242944,8.621500161857428
past+future,2,24,47.48003214934289,10.903526077554984
past+future,2,25,48.86247046632332,10.409360114146363
past+future,2,26,48.51170781548048,8.84149854291569
past+future,2,27,45.674596626638156,9.942956618456678
past+future,2,28,44.04452196277801,9.605763055384159
past+future,2,29,44.71134743231848,9.698408221656626
past+future,2,30,45.6254021264125,7.203569383106449
past+future,2,31,47.34264479561728,8.593014697290279
past+future,2,32,46.65498867246864,10.494006132876331
past+future,2,33,45.12164651204706,9.592400084927
past+future,2,34,43.218697895083416,9.942317927086895
past+future,2,35,41.987902394898434,12.187125764109872
past+future,2,36,39.86333992206238,12.510612338781357
past+future,2,37,38.7207075339954,11.685005460950462
past+future,2,38,38.390931084361,11.268788399682803
past+future,2,39,38.721028770669854,9.870649378069423
past+future,2,40,38.93627888815847,9.797256866385313
past+future,2,41,39.60408065333507,9.111182544041764
past+future,2,42,42.69591328593724,10.804452925243162
past+future,2,43,41.328803621491055,10.40482904677364
past+future,2,44,41.53163553740682,10.84978519921953
past+future,2,45,43.023933457712396,7.1479671069166875
past+future,2,46,44.74505426930865,8.953846995845776
past+future,2,47,46.55081799953608,11.168278566815637
past+future,2,48,48.5942507871249,13.53187027641318
past+future,2,49,49.74678783003517,12.602872364900328
past+future,2,50,48.77773589364376,10.987455315210603
past+future,2,51,46.57391250932279,11.84054614061659
past+future,2,52,44.348350181780276,11.65346029468558
past+future,2,53,45.42665182912516,11.649243464524096
past+future,2,54,46.27725479583625,8.647006417539986
past+future,2,55,47.677663420291566,9.63598188961094
past+future,2,56,47.249708568152954,11.468095838515596
past+future,2,57,45.74722527781044,10.632668624208732
past+future,2,58,44.328374130599336,10.816759400069714
past+future,2,59,43.21831903786945,13.146218381144784
past+future,2,60,41.267144313720344,13.608147540934045
past+future,2,61,40.41858171007692,12.99160057043826
past+future,2,62,40.987236903682806,12.594516430388797
past+future,2,63,41.14823827724546,10.98853052018041
past+future,2,64,42.015020857858346,10.783301456408067
past+future,2,65,42.0242420242499,9.77084369278005
past+future,2,66,45.01167218792645,10.945498605724424
past+future,2,67,44.00898066761207,10.149550777944652
past+future,2,68,44.28555354251362,10.513963798230344
past+future,2,69,45.82255876802395,7.1645670582352485
past+future,2,70,46.56847811158403,8.761864617466927
past+future,2,71,47.848454692161916,10.922916494309902
past+future,2,72,50.223747080949664,13.080145532434637
past+future,2,73,50.83054642942446,12.30839505656199
past+future,2,74,48.97430592697871,10.06346114657142
past+future,2,75,47.237895119525945,10.855946934612637
past+future,2,76,45.99312210379318,10.770547497678887
past+future,2,77,46.611798927561004,10.696923588148572
past+future,2,78,47.57791460231277,7.82382837750695
past+future,2,79,48.78415709333643,8.628084607422352
past+future,2,80,47.9411706959821,10.336728026921099
past+future,2,81,46.652827949602816,9.332466972822493
past+future,2,82,44.23280247156076,9.789735373448242
past+future,2,83,41.97333423830026,12.088574886322021
past+future,2,84,39.6093601177879,12.56554859910499
past+future,2,85,37.98634617794166,11.764710065654732
past+future,2,86,38.709292495232894,11.46998366374861
past+future,2,87,39.49155487400229,9.8850924145769
past+future,2,88,40.0532743046427,9.854036577045918
past+future,2,89,40.17240635747485,8.864818720321637
past+future,2,90,43.18658452662134,10.234593582762914
past+future,2,91,42.96607771159427,9.660726599564606
past+future,2,92,43.92819751185422,10.012515542182056
past+future,2,93,46.03881488130059,6.50092473583804
past+future,2,94,47.8207653057018,8.241487337191673
past+future,2,95,49.077373660606966,10.235657585615462
past+future,2,96,52.003641333256155,12.368814286860554
past+future,2,97,53.06334655250201,11.987041538073258
past+future,2,98,51.22340226518721,10.34078131412918
past+future,2,99,48.188420909177715,11.151694236153906
past+future,2,100,47.19371355041913,10.79949108324945
past+future,2,101,47.677441434300434,10.496645999225704
past+future,2,102,49.47124519405216,7.800244501178068
past+future,2,103,50.602956863029284,8.8077309880067
past+future,2,104,50.52250715305482,10.913844405250115
past+future,2,105,49.56145596827134,10.168395203284241
past+future,2,106,47.055797565165484,10.158182375810362
past+future,2,107,44.893109750250396,12.3136829984459
past+future,2,108,42.88610018708181,12.645504323257642
past+future,2,109,41.09149895403328,11.759225888685746
past+future,2,110,40.66727030667929,11.258591270751573
past+future,2,111,41.703979356532535,9.448949358680032
past+future,2,112,42.1556693152163,9.37212062610144
past+future,2,113,41.58333044716997,8.262981109998442
past+future,2,114,43.77040855507979,9.34849046102979
past+future,2,115,43.890678067233495,8.53319316221909
past+future,2,116,45.517726043727194,8.735607606612824
past+future,2,117,48.213242134474335,5.318518108942292
past+future,2,118,49.25372565597475,6.891586743295193
past+future,2,119,50.9202999794271,8.776045960458843
past+future,2,120,55.21798505092181,11.001811172813177
past+future,2,121,56.26568903948769,10.761628669771282
past+future,2,122,54.02754140657359,8.663828138600696
past+future,2,123,51.82869448201778,8.969790978526527
past+future,2,124,49.95482732551134,8.513407814909112
past+future,2,125,49.88059593575128,8.642924150282687
past+future,2,126,50.65443848690069,5.9387436881661415
past+future,2,127,50.78660365411959,6.9738481545990165
past+future,2,128,50.539088820874305,9.158971136266535
past+future,2,129,48.86825707303852,8.07260973379016
past+future,2,130,45.356912474590644,8.187852138907395
past+future,2,131,42.8283693773257,10.22253434935754
past+future,2,132,41.107316802544034,11.10846223411235
past+future,2,133,39.370918809990776,10.404052738608284
past+future,2,134,37.59170721454122,10.170560106296431
past+future,2,135,38.97360005709303,8.470299867151136
past+future,2,136,39.907952633273716,8.221284624189138
past+future,2,137,40.187590396366275,7.819838013161313
past+future,2,138,42.870909185173616,9.191702584228056
past+future,2,139,43.095983554606605,7.953595896336165
past+future,2,140,43.00122866272021,8.878715563904155
past+future,2,141,45.50430409689555,5.48862018131397
past+future,2,142,48.5025277549338,7.955063294957984
past+future,2,143,50.55763192350286,10.003938431047242
past+future,2,144,53.861167384896554,12.149793663485484
past+future,2,145,53.854872085397,11.468109690330245
past+future,2,146,52.08116371645627,9.340041483667763
past+future,2,147,50.08659881275765,9.714800220321525
past+future,2,148,48.34006046456562,9.409659302243115
past+future,2,149,48.38072833451343,9.047747535800392
past+future,2,150,49.46461141582126,6.530122286555442
past+future,2,151,50.2416467686266,8.118203697768463
past+future,2,152,50.067841156431165,10.84600723975084
past+future,2,153,47.72447014910311,10.20176764442162
past+future,2,154,45.4442332154426,10.320034022019668
past+future,2,155,43.27197981624743,13.119208883494139
past+future,2,156,40.89451634648637,14.68352216041901
past+future,2,157,39.92104292084022,14.049905239181085
past+future,2,158,39.99161893142511,14.018153026869351
past+future,2,159,41.20246680203988,12.009678595784036
past+future,2,160,42.417284519260704,11.245328380641611
past+future,2,161,42.717244142106885,10.023633788593791
past+future,2,162,44.868616005709825,10.799022320657969
past+future,2,163,44.20319685407116,8.973970093171705
past+future,2,164,43.70625722130355,9.156066638163544
past+future,2,165,45.230206300147174,5.77367077158256
past+future,2,166,49.49534965517804,9.116631259972399
past+future,2,167,53.4383642865412,12.94137368351221
past+future,2,168,61.650201701064056,23.295518642122094
past+future,3,1,15.667085681200575,-0.3985375572334636
past+future,3,2,29.01741820958564,-4.761566364291039
past+future,3,3,31.99356165456262,-3.3851902447640896
past+future,3,4,34.21877061401046,-2.779494560577653
past+future,3,5,36.55961081341546,-2.2357450764287603
past+future,3,6,36.543488861770506,-3.609867730431936
past+future,3,7,37.924312988488616,-2.7096841245551
past+future,3,8,36.818246360719634,-0.6411771809534085
past+future,3,9,38.18976897367939,-0.1378360932523554
past+future,3,10,38.55118384379605,1.906291288905777
past+future,3,11,38.85587662951394,4.046281643211842
past+future,3,12,36.947341956818605,4.387324172410775
past+future,3,13,35.29702569968953,3.7441824557767673
past+future,3,14,35.157293290895055,4.260849301449277
past+future,3,15,35.62449812923024,1.9439613060517744
past+future,3,16,35.685601217800766,1.2931380496275695
past+future,3,17,36.44756728286163,1.3417428279803558
past+future,3,18,37.73405442191434,4.2867456488205455
past+future,3,19,36.22719848573853,5.905332645909353
past+future,3,20,36.81336692640773,6.612824974412268
past+future,3,21,39.72031288052616,4.096094122664495
past+future,3,22,42.341297188706314,5.6621534071693365
past+future,3,23,44.35807494679045,7.3728342672640625
past+future,3,24,47.685033394031436,9.038728112185543
past+future,3,25,48.61474614330717,9.535350834781473
past+future,3,26,47.467685434313815,7.608242892406204
past+future,3,27,45.417671254024455,8.478813057596033
past+future,3,28,44.9603557055384,8.46562967246229
past+future,3,29,46.021607825314035,8.102255120873451
past+future,3,30,46.06025823278504,5.516561393033374
past+future,3,31,47.09240612397611,5.665216748687354
past+future,3,32,46.4256169559878,7.713410529900681
past+future,3,33,46.43497051417781,7.936328104951165
past+future,3,34,43.55773659854353,8.806916988370093
past+future,3,35,42.11501346430185,10.200545551424677
past+future,3,36,39.795367066422855,10.2975085220215
past+future,3,37,37.92384867350392,8.870908779705958
past+future,3,38,36.69728878244009,8.630718475863846
past+future,3,39,36.885970646552586,6.177781168371439
past+future,3,40,36.75979086381509,5.084357962689617
past+future,3,41,38.0423479866541,5.232776062732393
past+future,3,42,39.99225942695613,7.7291902480223635
past+future,3,43,38.580638977709086,9.051988109946251
past+future,3,44,39.89405797415286,9.462806025011973
past+future,3,45,42.30462651352905,6.919172322885557
past+future,3,46,44.29147730523675,8.590436686169017
past+future,3,47,46.04963946444621,10.21580000376244
past+future,3,48,49.255040254543054,11.458193680102175
past+future,3,49,51.07388701232627,12.078723908063363
past+future,3,50,49.022144894301285,9.60959741845727
past+future,3,51,47.279179874880995,10.243810252201827
past+future,3,52,46.09258860147679,9.93059386600825
past+future,3,53,46.46846780134943,8.973222668875348
past+future,3,54,47.06966457013266,5.962253791364756
past+future,3,55,47.7821317116669,5.913324238224463
past+future,3,56,46.227447393843015,7.9239545498381965
past+future,3,57,45.84069212614258,7.743134286254644
past+future,3,58,42.43262420585041,8.294498572972687
past+future,3,59,41.03358963974766,9.984508851458402
past+future,3,60,38.78498920127435,9.657326038588177
past+future,3,61,37.49331024691715,8.364906445738267
past+future,3,62,36.76102152671859,8.238255615261467
past+future,3,63,37.76435416047798,5.763243273408576
past+future,3,64,38.232169271050836,4.751377872445366
past+future,3,65,39.87068107505604,4.588279225270856
past+future,3,66,41.87200346941682,6.860236963299527
past+future,3,67,40.389478253586354,8.174670930613171
past+future,3,68,41.51296183209235,8.50328685783527
past+future,3,69,44.013979785146454,5.840266448530284
past+future,3,70,46.62517309499927,7.6120511286638
past+future,3,71,49.41712148618713,9.201179550283335
past+future,3,72,53.236475473149326,10.321951102804054
past+future,3,73,54.420874455643535,10.815286125649106
past+future,3,74,50.6950493630217,8.09166434136304
past+future,3,75,48.41710070853058,9.020087098533457
past+future,3,76,47.50956400141032,9.08966324139725
past+future,3,77,47.60255329349135,8.063896762376482
past+future,3,78,47.25734199421986,5.364488304677335
past+future,3,79,47.84878831984446,5.463230334222317
past+future,3,80,46.505811065442906,7.541096999860284
past+future,3,81,46.394504299774795,7.668964205817743
past+future,3,82,43.07375262002908,8.041576339439912
past+future,3,83,41.71388088247954,9.911159104921602
past+future,3,84,39.58292777858787,9.640535799278455
past+future,3,85,38.75128424549816,8.395721008831805
past+future,3,86,38.90057573009497,7.907461631704461
past+future,3,87,39.82787196757333,5.697940172881565
past+future,3,88,40.16508814769423,5.0252710242163054
past+future,3,89,41.335469476102105,5.066585756160996
past+future,3,90,43.74192722872085,7.704872137782249
past+future,3,91,42.34416483374169,9.470216522839936
past+future,3,92,44.06849907137927,10.436584570191123
past+future,3,93,46.167762715889374,7.73158822818236
past+future,3,94,47.63917311019972,8.978387010283768
past+future,3,95,48.65464103446667,10.900588261810215
past+future,3,96,51.07049171951913,11.934284043583004
past+future,3,97,52.314111976106105,13.03257958184589
past+future,3,98,49.94901247393806,10.096794150092386
past+future,3,99,48.80439739469509,11.420294459570538
past+future,3,100,47.90498554168761,11.357138210399585
past+future,3,101,48.80706195787485,10.530200955542652
past+future,3,102,48.83935003289824,7.72175289741294
past+future,3,103,48.735207877259846,7.675973120060834
past+future,3,104,47.54802926951199,9.605661571872504
past+future,3,105,47.4901826107696,9.576069047505205
past+future,3,106,44.166121249901785,9.807324151423844
past+future,3,107,43.92222974998761,11.495391130108725
past+future,3,108,41.4942872441901,11.585808017375795
past+future,3,109,40.52876331540884,10.282202530228956
past+future,3,110,41.009105982031286,10.35313616591421
past+future,3,111,41.431380393290915,8.152972404252399
past+future,3,112,41.58605374707952,7.109934535724196
past+future,3,113,42.1970062355341,7.2903457233174285
past+future,3,114,44.092240399975246,9.652300232513385
past+future,3,115,42.774474006005995,11.375502900643783
past+future,3,116,44.028488136215,12.283787895332683
past+future,3,117,46.80598022009726,9.747577019713141
past+future,3,118,49.369384634182026,11.053129828111691
past+future,3,119,51.1957050970946,13.0653505590321
past+future,3,120,53.567496329657516,14.126645516265523
past+future,3,121,53.940020684046644,14.595656176859682
past+future,3,122,51.19478385432082,11.778083344752138
past+future,3,123,49.686976266648266,12.432261508635499
past+future,3,124,48.70066716860679,12.401433045891197
past+future,3,125,49.42880089394145,11.42006052260033
past+future,3,126,49.17683054105702,8.615938563915817
past+future,3,127,49.62687835353003,8.464375884780152
past+future,3,128,48.22184991877589,10.249029398811134
past+future,3,129,48.18312129532908,10.076533547179265
past+future,3,130,43.88007483287568,10.030245576053858
past+future,3,131,43.310931207270336,11.39547769149596
past+future,3,132,41.4126267881942,11.4359228042039
past+future,3,133,40.086251960135705,10.359555114399303
past+future,3,134,40.66148577451744,10.564775916832415
past+future,3,135,41.27252482358642,8.113959443840114
past+future,3,136,41.084049937236706,6.970241066745737
past+future,3,137,42.004446269419006,7.18921050530943
past+future,3,138,43.51151283977789,9.303822552615946
past+future,3,139,43.282372744109026,9.937248216433959
past+future,3,140,43.549842537144485,11.316778808154844
past+future,3,141,45.81143178395722,8.57756534828381
past+future,3,142,49.12988026531066,10.88482975350185
past+future,3,143,51.06271000876519,12.23747093603015
past+future,3,144,53.72911609589435,12.954907107420944
past+future,3,145,54.10182506176829,12.720578978684815
past+future,3,146,52.3386029292049,9.462809688326987
past+future,3,147,50.39283826252533,10.234395588240163
past+future,3,148,49.521190020915704,10.344093882224776
past+future,3,149,50.099871314792324,9.644110995937478
past+future,3,150,48.7984473521692,6.7208560105751864
past+future,3,151,48.93656956315556,6.6138280696045095
past+future,3,152,48.22427389115703,7.989655261012641
past+future,3,153,48.23641392263682,7.78646478170148
past+future,3,154,44.78788620749381,7.477003925606947
past+future,3,155,44.56353022400741,9.34059048867361
past+future,3,156,42.84858488802008,9.723987036723305
past+future,3,157,41.57030752985858,8.41138940173286
past+future,3,158,41.29233674218613,8.539573467759924
past+future,3,159,42.82795616997559,6.068621217696504
past+future,3,160,43.700689044630764,4.522150151770223
past+future,3,161,44.23988980092125,4.4963619607416065
past+future,3,162,44.73917505770943,6.176323838531971
past+future,3,163,44.02010881546376,6.157992312853986
past+future,3,164,43.88237222598633,6.5411411636424335
past+future,3,165,46.61965385342821,2.633672368458726
past+future,3,166,50.99057834716447,4.687671920792623
past+future,3,167,52.20045536919469,7.240244286981496
past+future,3,168,61.208069911579074,12.8010944459926
past+future,4,1,15.668224779303879,-0.27099508995359595
past+future,4,2,28.1575928212677,-3.746248643506657
past+future,4,3,32.929341196664716,-2.634777670218186
past+future,4,4,35.318008633620856,-2.5353951991578056
past+future,4,5,37.14389480697149,-1.2142833127555521
past+future,4,6,38.597826930562384,-2.452442440288988
past+future,4,7,41.11731029717066,-0.7010269300504164
past+future,4,8,39.55986578795453,1.5383897665041415
past+future,4,9,39.07813181314263,1.6998044150796803
past+future,4,10,40.680426408686,2.6870067476887596
past+future,4,11,40.679656551048225,4.725331055847081
past+future,4,12,37.60067340986579,5.514609530906785
past+future,4,13,36.90880715777572,4.566797387532213
past+future,4,14,35.377242397854154,5.20793906937946
past+future,4,15,37.95568406289834,4.739217243411324
past+future,4,16,37.63838728689796,4.478025633841753
past+future,4,17,38.85931918964953,3.6519475531848995
past+future,4,18,39.633530550258655,5.9835721774196085
past+future,4,19,38.80588363102952,6.804707461968064
past+future,4,20,40.13871351875643,6.9542128199880775
past+future,4,21,42.58246730151434,4.084525762295181
past+future,4,22,43.94912193578471,6.572154375639829
past+future,4,23,47.52807718389157,10.564058332280679
past+future,4,24,50.325023292522424,12.664234705269337
past+future,4,25,50.59546445401669,12.323750201274049
past+future,4,26,48.95842331796483,9.794599079272963
past+future,4,27,48.222988765452214,10.139366010373289
past+future,4,28,48.76963593523066,9.347856630655853
past+future,4,29,49.38411693407752,10.063746893947775
past+future,4,30,49.04281333729655,7.454915646802295
past+future,4,31,49.717698152918544,7.853878067298369
past+future,4,32,47.27153505126598,9.976928867230361
past+future,4,33,45.698433254792455,9.763357424600558
past+future,4,34,44.813819944653545,10.274634905498136
past+future,4,35,43.456637132009504,11.60212266817689
past+future,4,36,40.67666530352266,12.201761436733333
past+future,4,37,40.29261047972107,10.878632131815804
past+future,4,38,38.4783557161742,10.698355702513998
past+future,4,39,40.886252910426364,9.582863299006766
past+future,4,40,41.24353101895862,9.277231195094911
past+future,4,41,41.9919614508736,8.322365757416595
past+future,4,42,43.08585059921732,10.50970163772052
past+future,4,43,41.72520950197124,11.333099874583157
past+future,4,44,43.34514671061161,11.263861344111236
past+future,4,45,45.71371435946951,8.31317223879424
past+future,4,46,46.8664545077918,10.019477524117313
past+future,4,47,51.07128778779971,13.82273422875865
past+future,4,48,54.58341822210417,15.650556431829251
past+future,4,49,54.051713654623335,14.915978684682738
past+future,4,50,51.81799633346165,12.105517331849445
past+future,4,51,50.94649414453253,12.034091734412042
past+future,4,52,51.2347646595945,11.067898811603134
past+future,4,53,52.07405126886283,11.610410151156513
past+future,4,54,51.48529097868334,8.928914685140956
past+future,4,55,52.70254731792077,9.35510252687064
past+future,4,56,50.21516918929645,11.23911716772074
past+future,4,57,49.26913021345993,10.915381623516707
past+future,4,58,47.75407657468327,11.530584134838797
past+future,4,59,45.56160851623991,12.729463090950793
past+future,4,60,42.885525875508236,13.326908046633683
past+future,4,61,42.185656500576194,12.011530161835253
past+future,4,62,40.41819139674758,11.724363137375224
past+future,4,63,41.48967948542825,10.37102796763859
past+future,4,64,41.84248253597879,9.868732632222502
past+future,4,65,43.15919066642764,8.80505985258655
past+future,4,66,44.42823843550893,10.691112391650677
past+future,4,67,43.63675248373084,11.304058997637846
past+future,4,68,45.273286704763144,11.328543365509672
past+future,4,69,47.57777524454203,8.59507936349308
past+future,4,70,48.74336023891788,10.73057479208166
past+future,4,71,52.60392721665784,14.292163363065232
past+future,4,72,55.737291753130265,15.988701043481177
past+future,4,73,54.92375147929955,14.958304549482735
past+future,4,74,52.29669983371204,11.914039580659432
past+future,4,75,50.13317036147243,12.066456697457893
past+future,4,76,50.01509190490149,10.964101706716148
past+future,4,77,50.275299249560824,11.135737162252719
past+future,4,78,49.98381653221322,8.292183328081261
past+future,4,79,50.46489091264526,8.768909089097923
past+future,4,80,48.68656373033744,10.861943216147749
past+future,4,81,47.44417575391792,10.350467009300536
past+future,4,82,45.51793025088125,10.816765795377167
past+future,4,83,43.62521533525257,12.23262197922238
past+future,4,84,41.412009431430825,12.764630112797022
past+future,4,85,40.58959183142703,11.351453176614912
past+future,4,86,38.80533966277031,11.104168848219244
past+future,4,87,40.26466852936534,9.846538001840765
past+future,4,88,40.49940428968071,9.512494819746776
past+future,4,89,41.214879770949004,8.674010699784214
past+future,4,90,43.02487856109698,10.606860970210453
past+future,4,91,41.43236245050638,11.160965632308613
past+future,4,92,43.696312070660795,11.095264176414771
past+future,4,93,46.18408309008875,8.432051758535884
past+future,4,94,47.786179098021954,10.286945453421636
past+future,4,95,50.77792070866473,14.179996107281609
past+future,4,96,53.093931276248355,15.968652920289474
past+future,4,97,52.54987250167359,14.817838232625615
past+future,4,98,50.11671278053301,11.597908400676467
past+future,4,99,48.88842717311557,11.244293360547585
past+future,4,100,49.74498180259442,10.126400479200212
past+future,4,101,49.55430096930465,10.397264617410572
past+future,4,102,50.05930815933725,7.803964240307158
past+future,4,103,50.92981795080613,8.389782816848971
past+future,4,104,49.480076573240986,10.50885399397124
past+future,4,105,48.99068304227176,10.111178735609759
past+future,4,106,48.01170038600702,10.274526627903635
past+future,4,107,46.646540525174096,11.733415324442005
past+future,4,108,44.24162052907589,12.612226735631173
past+future,4,109,43.453430585114056,11.416762396015905
past+future,4,110,42.306594398645366,11.411793140525168
past+future,4,111,44.040337958940285,10.05383902263235
past+future,4,112,44.337370337640344,9.515725918241184
past+future,4,113,44.270311930998,8.555024533278562
past+future,4,114,45.39918023608169,10.30913111533631
past+future,4,115,44.27135991147345,11.035218280824749
past+future,4,116,46.90934776380961,11.119311413981698
past+future,4,117,49.34313540145501,8.482162850824269
past+future,4,118,50.15482157848789,10.583705358207226
past+future,4,119,52.646101104081595,14.621210431510752
past+future,4,120,55.54274152348473,16.48546253720468
past+future,4,121,54.43848835756006,15.078929058530115
past+future,4,122,51.4627667854247,11.589248782870444
past+future,4,123,50.970170914205355,11.828926000405442
past+future,4,124,51.505975082649385,10.706021113151854
past+future,4,125,51.62568449288966,10.916976885531437
past+future,4,126,51.342159686735656,7.970277197659016
past+future,4,127,51.90390688828898,8.450663265179504
past+future,4,128,50.54438072048397,10.536853640922345
past+future,4,129,49.36222457412796,9.969878631220622
past+future,4,130,47.76068192906087,9.847944730046121
past+future,4,131,46.54406650778167,11.23605509703471
past+future,4,132,43.868068062893144,12.007547438822009
past+future,4,133,43.505964530062926,10.807930817658251
past+future,4,134,41.885471532881745,10.7159555635669
past+future,4,135,43.317787582244094,9.10323282966221
past+future,4,136,43.189605218451895,8.253098683601076
past+future,4,137,43.58156243417539,7.559218188578432
past+future,4,138,44.67097252229249,8.974212725054134
past+future,4,139,44.125222806621146,9.00721089406447
past+future,4,140,45.13406469712663,9.201397626406767
past+future,4,141,47.74014247350524,6.604473479261452
past+future,4,142,48.748460672687095,9.310964570804076
past+future,4,143,52.169631307739245,13.766165251335638
past+future,4,144,54.36584013560147,15.155306668444114
past+future,4,145,53.42995672471573,13.675894628194245
past+future,4,146,51.005053152829,10.592169090766799
past+future,4,147,50.14216264820878,10.694331289015032
past+future,4,148,50.23970852045316,9.51693448763002
past+future,4,149,50.486144492682875,10.014314860105515
past+future,4,150,50.35897016351046,7.842155820266767
past+future,4,151,51.45395633452583,8.510973406108944
past+future,4,152,49.51331327618333,10.615361091088165
past+future,4,153,48.282990396188296,10.267321370203387
past+future,4,154,46.939972471626085,10.294433542950587
past+future,4,155,45.293317466647075,11.816529212688858
past+future,4,156,42.84347289796741,12.642102219841696
past+future,4,157,43.187285456137836,11.752553925934164
past+future,4,158,41.575072650530345,11.849362051961096
past+future,4,159,43.60322157899606,10.366561932319945
past+future,4,160,44.410506652302686,9.83201402798295
past+future,4,161,44.16784378873371,8.75179541923783
past+future,4,162,44.05463287113662,9.743258673359048
past+future,4,163,43.14546737941166,9.01316081055186
past+future,4,164,43.542520624780884,9.028569889339535
past+future,4,165,46.62858168211942,6.136607191948728
past+future,4,166,51.498271458352136,10.814421048557216
past+future,4,167,57.33762896776296,17.242464121769775
past+future,4,168,63.897291381899,23.36075357517058
